"Date","Site","Salinity","Code","lat","lon","Year","Month","Nights_Fished","Hours_Fished","Weather","Subsample","Metacarcinus_magister_megalopae","Metacarcinus_magister_instar","TotalMmagister","CPUE_Night","CPUE_Hour","Error_Code","week","loc.lat"
2025-04-28,"Tofino",28.2770588235294,"TOF",49.151969,-125.89702,"2025","Apr",2,19,"Rain","N",0,0,0,0,0,"None",17,"Tofino"
2025-04-30,"Indian Arm",7.89166666666667,"IND",49.461387,-122.88625,"2025","Apr",2,19,"Sunny","N",0,0,0,0,0,"None",18,"Indian Arm"
2025-04-30,"Pender Harbour",26.9053571428571,"PDH",49.623357,-124.02568,"2025","Apr",1,9.5,"Sunny","N",0,0,0,0,0,"None",18,"Pender Harbour"
2025-04-30,"Quathiaski Cove",29.4130434782609,"QUA",50.042604,-125.21604,"2025","Apr",2,19,"Sunny,Overcast","N",0,0,0,0,0,"None",18,"Quathiaski Cove"
2025-04-30,"Tofino",26.6864583333333,"TOF",49.151969,-125.89702,"2025","Apr",2,19,"Overcast","N",1,0,1,0.5,0.052631579,"None",18,"Tofino"
2025-05-02,"Pender Harbour",25.4525,"PDH",49.623357,-124.02568,"2025","May",1,9.5,"Sunny","N",0,0,0,0,0,"None",18,"Pender Harbour"
2025-05-02,"Port Moody",21.6079166666667,"MOO",49.30056,-122.87578,"2025","May",2,19,"Sunny","N",0,0,0,0,0,"None",18,"Port Moody"
2025-05-02,"Quathiaski Cove",29.3904166666667,"QUA",50.042604,-125.21604,"2025","May",2,19,"Overcast","N",0,0,0,0,0,"None",18,"Quathiaski Cove"
2025-05-02,"Tofino",24.85125,"TOF",49.151969,-125.89702,"2025","May",2,19,"Overcast","N",1,0,1,0.5,0.052631579,"None",18,"Tofino"
2025-05-03,"Ford Cove",28.6539583333333,"FOR",49.497028,-124.67667,"2025","May",1,2,"Sunny","N",0,0,0,0,0,"HRS",18,"Ford Cove"
2025-05-03,"Indian Arm",2.09416666666667,"IND",49.461387,-122.88625,"2025","May",3,28.5,"Sunny,Windy","N",0,0,0,0,0,"BAT",18,"Indian Arm"
2025-05-04,"Port Moody",22.1039583333333,"MOO",49.30056,-122.87578,"2025","May",2,19,"Sunny","N",0,0,0,0,0,"None",18,"Port Moody"
2025-05-04,"Silva Bay",25.7875,"SIL",49.149062,-123.69713,"2025","May",1,9.5,"Sunny,Windy","N",0,0,0,0,0,"None",18,"Silva Bay"
2025-05-05,"Indian Arm",13.805625,"IND",49.461387,-122.88625,"2025","May",2,19,"Sunny,Windy","N",0,0,0,0,0,"None",18,"Indian Arm"
2025-05-05,"Pender Harbour",26.4972916666667,"PDH",49.623357,-124.02568,"2025","May",1,9.5,"Overcast","N",0,0,0,0,0,"None",18,"Pender Harbour"
2025-05-05,"Quathiaski Cove",27.8727083333333,"QUA",50.042604,-125.21604,"2025","May",2,19,"Overcast","N",0,0,0,0,0,"None",18,"Quathiaski Cove"
2025-05-05,"Tofino",23.51375,"TOF",49.151969,-125.89702,"2025","May",2,19,"Sunny","N",1,0,1,0.5,0.052631579,"None",18,"Tofino"
2025-05-06,"Ford Cove",28.0439583333333,"FOR",49.497028,-124.67667,"2025","May",1,2,"Sunny,Windy","N",0,0,0,0,0,"HRS",18,"Ford Cove"
2025-05-06,"Port Moody",21.2958333333333,"MOO",49.30056,-122.87578,"2025","May",2,19,NA,"N",0,0,0,0,0,"None",18,"Port Moody"
2025-05-06,"Silva Bay",25.5275,"SIL",49.149062,-123.69713,"2025","May",2,19,"Sunny","N",0,0,0,0,0,"None",18,"Silva Bay"
2025-05-07,"Echo Bay",21.19,"ECH",50.745688,-126.499202,"2025","May",1,9.5,"Overcast","N",0,0,0,0,0,"None",19,"Echo Bay"
2025-05-07,"Quathiaski Cove",29.0772916666667,"QUA",50.042604,-125.21604,"2025","May",1,19,"Overcast","N",0,0,0,0,0,"None",19,"Quathiaski Cove"
2025-05-07,"Tofino",23.4577083333333,"TOF",49.151969,-125.89702,"2025","May",2,19,"Sunny,Windy","N",7,2,9,4.5,0.473684211,"None",19,"Tofino"
2025-05-08,"Ford Cove",28.07625,"FOR",49.497028,-124.67667,"2025","May",1,2,"Sunny","N",0,0,0,0,0,"HRS",19,"Ford Cove"
2025-05-08,"Pender Harbour",26.7302083333333,"PDH",49.623357,-124.02568,"2025","May",1,9.5,"Sunny","N",0,0,0,0,0,"None",19,"Pender Harbour"
2025-05-08,"Silva Bay",26.628125,"SIL",49.149062,-123.69713,"2025","May",2,19,"Sunny","N",0,0,0,0,0,"None",19,"Silva Bay"
2025-05-09,"Echo Bay",24.2839583333333,"ECH",50.745688,-126.499202,"2025","May",2,19,"Overcast","N",0,0,0,0,0,"None",19,"Echo Bay"
2025-05-09,"Indian Arm",11.4666666666667,"IND",49.461387,-122.88625,"2025","May",3,30,"Sunny","N",0,0,0,0,0,"BAT",19,"Indian Arm"
2025-05-09,"Pender Harbour",26.7620833333333,"PDH",49.623357,-124.02568,"2025","May",1,9.5,"Overcast","N",0,0,0,0,0,"None",19,"Pender Harbour"
2025-05-09,"Port Moody",21.475625,"MOO",49.30056,-122.87578,"2025","May",2,19,"Sunny","N",0,0,0,0,0,"None",19,"Port Moody"
2025-05-09,"Quathiaski Cove",28.8920833333333,"QUA",50.042604,-125.21604,"2025","May",2,19,"Sunny,Overcast","N",0,0,0,0,0,"None",19,"Quathiaski Cove"
2025-05-09,"Tofino",23.3429166666667,"TOF",49.151969,-125.89702,"2025","May",2,19,"Overcast","N",1,2,3,1.5,0.157894737,"None",19,"Tofino"
2025-05-09,"Whaler Bay",21.7239583333333,"WHA",48.884619,-123.32731,"2025","May",2,19,"Sunny,Overcast","N",0,0,0,0,0,"None",19,"Whaler Bay"
2025-05-10,"Ford Cove",28.0839583333333,"FOR",49.497028,-124.67667,"2025","May",1,4,"Overcast","N",0,0,0,0,0,"HRS",19,"Ford Cove"
2025-05-10,"Port Moody",21.3297916666667,"MOO",49.30056,-122.87578,"2025","May",1,9.5,"Rain,Overcast","N",0,0,0,0,0,"None",19,"Port Moody"
2025-05-10,"Silva Bay",25.918125,"SIL",49.149062,-123.69713,"2025","May",2,19,"Overcast","N",0,0,0,0,0,"None",19,"Silva Bay"
2025-05-11,"Echo Bay",24.3922916666667,"ECH",50.745688,-126.499202,"2025","May",2,19,"Overcast","N",0,0,0,0,0,"None",19,"Echo Bay"
2025-05-11,"Indian Arm",15.8275,"IND",49.461387,-122.88625,"2025","May",2,17,"Sunny,Windy","N",0,0,0,0,0,"None",19,"Indian Arm"
2025-05-11,"Port Moody",20.7391666666667,"MOO",49.30056,-122.87578,"2025","May",1,9.5,"Overcast","N",0,0,0,0,0,"None",19,"Port Moody"
2025-05-11,"Silva Bay",26.1214583333333,"SIL",49.149062,-123.69713,"2025","May",1,9.5,"Sunny","N",0,0,0,0,0,"None",19,"Silva Bay"
2025-05-11,"Whaler Bay",26.5870833333333,"WHA",48.884619,-123.32731,"2025","May",2,19,"Sunny,Overcast","N",0,0,0,0,0,"None",19,"Whaler Bay"
2025-05-12,"Pender Harbour",26.0483333333333,"PDH",49.623357,-124.02568,"2025","May",1,9.5,"Sunny,Windy","N",1,0,1,1,0.105263158,"None",19,"Pender Harbour"
2025-05-12,"Quathiaski Cove",28.6370833333333,"QUA",50.042604,-125.21604,"2025","May",2,19,"Sunny","N",0,0,0,0,0,"None",19,"Quathiaski Cove"
2025-05-13,"Echo Bay",27.945,"ECH",50.745688,-126.499202,"2025","May",2,19,"Windy","N",0,0,0,0,0,"None",19,"Echo Bay"
2025-05-13,"Ford Cove",28.0575,"FOR",49.497028,-124.67667,"2025","May",1,4,"Sunny","N",0,0,0,0,0,"HRS",19,"Ford Cove"
2025-05-13,"Indian Arm",11.6408333333333,"IND",49.461387,-122.88625,"2025","May",2,17,"Overcast,Windy","N",0,0,0,0,0,"None",19,"Indian Arm"
2025-05-13,"Port Moody",20.7452083333333,"MOO",49.30056,-122.87578,"2025","May",2,18,"Windy,Overcast,Sunny","N",0,0,0,0,0,"None",19,"Port Moody"
2025-05-13,"Silva Bay",23.2629166666667,"SIL",49.149062,-123.69713,"2025","May",2,19,"Overcast,Windy","N",0,0,0,0,0,"None",19,"Silva Bay"
2025-05-13,"Whaler Bay",19.8785416666667,"WHA",48.884619,-123.32731,"2025","May",2,19,"Overcast","N",0,0,0,0,0,"None",19,"Whaler Bay"
2025-05-14,"Daajing Giids",31.1320833333333,"DAA",53.252061,-132.07252,"2025","May",2,16,"Overcast","N",0,0,0,0,0,"None",20,"Daajing Giids"
2025-05-14,"Pender Harbour",23.9991666666667,"PDH",49.623357,-124.02568,"2025","May",1,8.5,"Sunny","N",0,0,0,0,0,"None",20,"Pender Harbour"
2025-05-14,"Quathiaski Cove",27.8129166666667,"QUA",50.042604,-125.21604,"2025","May",2,17,"Sunny","N",0,0,0,0,0,"None",20,"Quathiaski Cove"
2025-05-14,"Tofino",23.6902083333333,"TOF",49.151969,-125.89702,"2025","May",2,17,"Sunny,Windy","N",30,0,30,15,1.764705882,"None",20,"Tofino"
2025-05-15,"Echo Bay",28.5677083333333,"ECH",50.745688,-126.499202,"2025","May",2,17,"Overcast","N",0,0,0,0,0,"None",20,"Echo Bay"
2025-05-15,"Ford Cove",27.951875,"FOR",49.497028,-124.67667,"2025","May",1,4,"Overcast","N",0,0,0,0,0,"HRS",20,"Ford Cove"
2025-05-15,"Quathiaski Cove",27.8483333333333,"QUA",50.042604,-125.21604,"2025","May",1,8.5,"Overcast","N",0,0,0,0,0,"None",20,"Quathiaski Cove"
2025-05-15,"Silva Bay",26.8914583333333,"SIL",49.149062,-123.69713,"2025","May",2,17,"Rain,Windy","N",0,0,0,0,0,"None",20,"Silva Bay"
2025-05-15,"Whaler Bay",22.28375,"WHA",48.884619,-123.32731,"2025","May",2,17,"Rain","N",0,0,0,0,0,"None",20,"Whaler Bay"
2025-05-16,"Daajing Giids",30.8470833333333,"DAA",53.252061,-132.07252,"2025","May",2,16,"Rain,Overcast","N",0,0,0,0,0,"None",20,"Daajing Giids"
2025-05-16,"Pender Harbour",23.2729166666667,"PDH",49.623357,-124.02568,"2025","May",1,8.5,"Rain","N",0,0,0,0,0,"None",20,"Pender Harbour"
2025-05-16,"Port Moody",22.4116666666667,"MOO",49.30056,-122.87578,"2025","May",2,17,"Rain,Overcast","N",0,0,0,0,0,"None",20,"Port Moody"
2025-05-16,"Quathiaski Cove",27.9520833333333,"QUA",50.042604,-125.21604,"2025","May",1,8.5,"Rain","N",0,0,0,0,0,"None",20,"Quathiaski Cove"
2025-05-16,"Tofino",23.82,"TOF",49.151969,-125.89702,"2025","May",2,17,"Rain","N",5,5,10,5,0.588235294,"None",20,"Tofino"
2025-05-17,"Echo Bay",25.894375,"ECH",50.745688,-126.499202,"2025","May",2,17,"Rain","N",0,0,0,0,0,"None",20,"Echo Bay"
2025-05-17,"Hope Bay",28.538125,"HOP",48.803253,-123.27521,"2025","May",1,8.5,"Overcast","N",0,0,0,0,0,"None",20,"Hope Bay"
2025-05-17,"Indian Arm",11.059375,"IND",49.461387,-122.88625,"2025","May",3,30,"Rain,Windy","N",0,0,0,0,0,"BAT",20,"Indian Arm"
2025-05-17,"Silva Bay",27.7670833333333,"SIL",49.149062,-123.69713,"2025","May",2,17,"Overcast","N",0,0,0,0,0,"None",20,"Silva Bay"
2025-05-17,"Whaler Bay",25.491875,"WHA",48.884619,-123.32731,"2025","May",2,17,"Sunny","N",0,0,0,0,0,"None",20,"Whaler Bay"
2025-05-18,"Port Moody",21.476875,"MOO",49.30056,-122.87578,"2025","May",1,8.5,"Overcast","N",0,0,0,0,0,"None",20,"Port Moody"
2025-05-18,"Silva Bay",23.25,"SIL",49.149062,-123.69713,"2025","May",1,8.5,"Sunny","N",0,0,0,0,0,"None",20,"Silva Bay"
2025-05-19,"Echo Bay",26.8435416666667,"ECH",50.745688,-126.499202,"2025","May",2,17,"Overcast","N",0,0,0,0,0,"None",20,"Echo Bay"
2025-05-19,"Indian Arm",14.6654166666667,"IND",49.461387,-122.88625,"2025","May",2,17,"Rain","N",0,0,0,0,0,"None",20,"Indian Arm"
2025-05-19,"Tofino",23.5272916666667,"TOF",49.151969,-125.89702,"2025","May",2,17,"Overcast","Y",2273.939394,37,2310.939394,1155.469697,135.9376114,"None",20,"Tofino"
2025-05-19,"Whaler Bay",24.194375,"WHA",48.884619,-123.32731,"2025","May",2,17,"Overcast,Windy","N",0,0,0,0,0,"None",20,"Whaler Bay"
2025-05-20,"Daajing Giids",28.5939583333333,"DAA",53.252061,-132.07252,"2025","May",2,15,"Rain","N",0,0,0,0,0,"None",20,"Daajing Giids"
2025-05-20,"Ford Cove",28.5447916666667,"FOR",49.497028,-124.67667,"2025","May",1,4,"Overcast","N",0,0,0,0,0,"HRS",20,"Ford Cove"
2025-05-20,"Hope Bay",28.3925,"HOP",48.803253,-123.27521,"2025","May",1,8.5,"Overcast","N",0,0,0,0,0,"None",20,"Hope Bay"
2025-05-20,"Pender Harbour",23.4945833333333,"PDH",49.623357,-124.02568,"2025","May",1,8.5,"Sunny,Overcast,Windy","N",0,0,0,0,0,"None",20,"Pender Harbour"
2025-05-20,"Port Moody",21.2002083333333,"MOO",49.30056,-122.87578,"2025","May",2,17,"Rain,Overcast","N",0,0,0,0,0,"None",20,"Port Moody"
2025-05-20,"Quathiaski Cove",27.6308333333333,"QUA",50.042604,-125.21604,"2025","May",3,25.5,"Overcast","N",0,0,0,0,0,"None",20,"Quathiaski Cove"
2025-05-20,"Silva Bay",27.4670833333333,"SIL",49.149062,-123.69713,"2025","May",2,17,"Rain,Overcast","N",0,0,0,0,0,"None",20,"Silva Bay"
2025-05-21,"Echo Bay",22.609375,"ECH",50.745688,-126.499202,"2025","May",2,17,"Overcast","N",0,0,0,0,0,"None",21,"Echo Bay"
2025-05-21,"Horseshoe Bay",17.644375,"HOR",49.375655,-123.27313,"2025","May",2,17,"Overcast","N",0,0,0,0,0,"None",21,"Horseshoe Bay"
2025-05-21,"Miners Bay",28.859375,"MIN",48.852116,-123.30153,"2025","May",2,17,"Sunny","N",0,0,0,0,0,"None",21,"Miners Bay"
2025-05-21,"Pender Harbour",23.9152083333333,"PDH",49.623357,-124.02568,"2025","May",1,8.5,"Overcast","N",0,0,0,0,0,"None",21,"Pender Harbour"
2025-05-21,"Quathiaski Cove",27.9777083333333,"QUA",50.042604,-125.21604,"2025","May",1,8.5,"Sunny,Overcast","N",0,0,0,0,0,"None",21,"Quathiaski Cove"
2025-05-21,"Tofino",23.23625,"TOF",49.151969,-125.89702,"2025","May",2,17,"Sunny","N",172,59,231,115.5,13.58823529,"None",21,"Tofino"
2025-05-21,"Whaler Bay",24.6422916666667,"WHA",48.884619,-123.32731,"2025","May",2,17,"Sunny","N",0,0,0,0,0,"None",21,"Whaler Bay"
2025-05-22,"Daajing Giids",28.21875,"DAA",53.252061,-132.07252,"2025","May",2,15,"Overcast","N",0,0,0,0,0,"None",21,"Daajing Giids"
2025-05-22,"Ford Cove",28.330625,"FOR",49.497028,-124.67667,"2025","May",1,4,"Sunny","N",0,0,0,0,0,"HRS",21,"Ford Cove"
2025-05-22,"Hope Bay",27.8116666666667,"HOP",48.803253,-123.27521,"2025","May",1,8.5,"Sunny","N",0,0,0,0,0,"None",21,"Hope Bay"
2025-05-22,"Indian Arm",11.4714583333333,"IND",49.461387,-122.88625,"2025","May",3,25.5,"Sunny,Windy","N",0,0,0,0,0,"None",21,"Indian Arm"
2025-05-22,"Silva Bay",22.2452083333333,"SIL",49.149062,-123.69713,"2025","May",2,17,"Sunny,Windy","N",6,0,6,3,0.352941176,"None",21,"Silva Bay"
2025-05-23,"Daajing Giids",27.3170833333333,"DAA",53.252061,-132.07252,"2025","May",1,7.5,"Overcast","N",0,0,0,0,0,"None",21,"Daajing Giids"
2025-05-23,"Echo Bay",25.0552083333333,"ECH",50.745688,-126.499202,"2025","May",2,17,"Overcast","N",0,0,0,0,0,"None",21,"Echo Bay"
2025-05-23,"Horseshoe Bay",17.481875,"HOR",49.375655,-123.27313,"2025","May",2,17,"Overcast,Windy","N",0,0,0,0,0,"None",21,"Horseshoe Bay"
2025-05-23,"Miners Bay",27.2902083333333,"MIN",48.852116,-123.30153,"2025","May",2,17,"Sunny,Windy","N",4,0,4,2,0.235294118,"None",21,"Miners Bay"
2025-05-23,"Pender Harbour",24.1847916666667,"PDH",49.623357,-124.02568,"2025","May",1,8.5,"Sunny","N",0,0,0,0,0,"None",21,"Pender Harbour"
2025-05-23,"Port Moody",19.4529166666667,"MOO",49.30056,-122.87578,"2025","May",2,17,"Overcast","N",0,0,0,0,0,"None",21,"Port Moody"
2025-05-23,"Quathiaski Cove",28.4310416666667,"QUA",50.042604,-125.21604,"2025","May",2,17,"Overcast","N",15,0,15,7.5,0.882352941,"None",21,"Quathiaski Cove"
2025-05-23,"Tofino",23.7222916666667,"TOF",49.151969,-125.89702,"2025","May",2,17,"Overcast","N",100,69,169,84.5,9.941176471,"BAT",21,"Tofino"
2025-05-23,"Whaler Bay",19.7352083333333,"WHA",48.884619,-123.32731,"2025","May",2,17,"Overcast,Windy","N",0,0,0,0,0,"None",21,"Whaler Bay"
2025-05-24,"Hope Bay",26.9804166666667,"HOP",48.803253,-123.27521,"2025","May",1,8.5,"Sunny","N",1,0,1,1,0.117647059,"None",21,"Hope Bay"
2025-05-24,"Indian Arm",12.4052083333333,"IND",49.461387,-122.88625,"2025","May",2,17,"Sunny,Windy","N",0,0,0,0,0,"None",21,"Indian Arm"
2025-05-24,"Silva Bay",25.7989583333333,"SIL",49.149062,-123.69713,"2025","May",2,17,"Sunny","N",0,0,0,0,0,"None",21,"Silva Bay"
2025-05-25,"Echo Bay",25.74125,"ECH",50.745688,-126.499202,"2025","May",2,17,"Overcast","N",0,0,0,0,0,"None",21,"Echo Bay"
2025-05-25,"Horseshoe Bay",17.6697916666667,"HOR",49.375655,-123.27313,"2025","May",2,17,"Sunny,Overcast","N",0,0,0,0,0,"None",21,"Horseshoe Bay"
2025-05-25,"Port Moody",20.83875,"MOO",49.30056,-122.87578,"2025","May",2,17,"Overcast","N",0,0,0,0,0,"None",21,"Port Moody"
2025-05-25,"Whaler Bay",26.981875,"WHA",48.884619,-123.32731,"2025","May",2,17,"Sunny,Overcast,Windy","N",1,0,1,0.5,0.058823529,"None",21,"Whaler Bay"
2025-05-26,"Daajing Giids",26.525625,"DAA",53.252061,-132.07252,"2025","May",2,15,"Rain","N",0,0,0,0,0,"None",21,"Daajing Giids"
2025-05-26,"Indian Arm",9.68791666666667,"IND",49.461387,-122.88625,"2025","May",2,17,"Sunny,Rain","N",0,0,0,0,0,"None",21,"Indian Arm"
2025-05-26,"Miners Bay",27.2297916666667,"MIN",48.852116,-123.30153,"2025","May",2,17,"Overcast","N",0,0,0,0,0,"None",21,"Miners Bay"
2025-05-26,"Pender Harbour",20.7910416666667,"PDH",49.623357,-124.02568,"2025","May",1,8.5,"Rain","N",0,0,0,0,0,"None",21,"Pender Harbour"
2025-05-26,"Quathiaski Cove",28.4245833333333,"QUA",50.042604,-125.21604,"2025","May",2,17,"Overcast","N",0,0,0,0,0,"None",21,"Quathiaski Cove"
2025-05-26,"Silva Bay",26.5354166666667,"SIL",49.149062,-123.69713,"2025","May",1,8.5,"Sunny","N",0,0,0,0,0,"None",21,"Silva Bay"
2025-05-26,"Tofino",23.9475,"TOF",49.151969,-125.89702,"2025","May",2,17,"Overcast,Windy","N",0,1,1,0.5,0.058823529,"None",21,"Tofino"
2025-05-27,"Echo Bay",28.9291666666667,"ECH",50.745688,-126.499202,"2025","May",2,17,"Overcast","N",0,0,0,0,0,"None",21,"Echo Bay"
2025-05-27,"Hope Bay",27.05375,"HOP",48.803253,-123.27521,"2025","May",1,8.5,"Overcast","N",1,0,1,1,0.117647059,"None",21,"Hope Bay"
2025-05-27,"Horseshoe Bay",17.2341666666667,"HOR",49.375655,-123.27313,"2025","May",2,17,"Sunny","N",0,0,0,0,0,"None",21,"Horseshoe Bay"
2025-05-27,"Port Moody",21.3739583333333,"MOO",49.30056,-122.87578,"2025","May",2,17,"Overcast","N",0,0,0,0,0,"None",21,"Port Moody"
2025-05-27,"Whaler Bay",26.4035416666667,"WHA",48.884619,-123.32731,"2025","May",2,17,"Sunny,Windy","N",4,0,4,2,0.235294118,"None",21,"Whaler Bay"
2025-05-28,"Daajing Giids",25.8147916666667,"DAA",53.252061,-132.07252,"2025","May",2,15,"Rain","N",0,0,0,0,0,"None",22,"Daajing Giids"
2025-05-28,"Ford Cove",28.2997916666667,"FOR",49.497028,-124.67667,"2025","May",1,8,"Sunny","N",0,0,0,0,0,"None",22,"Ford Cove"
2025-05-28,"Indian Arm",9.11354166666667,"IND",49.461387,-122.88625,"2025","May",2,17,"Sunny","N",0,0,0,0,0,"None",22,"Indian Arm"
2025-05-28,"Miners Bay",24.353125,"MIN",48.852116,-123.30153,"2025","May",2,17,"Sunny","N",0,0,0,0,0,"None",22,"Miners Bay"
2025-05-28,"Pender Harbour",21.201875,"PDH",49.623357,-124.02568,"2025","May",1,8.5,"Sunny","N",1,0,1,1,0.117647059,"None",22,"Pender Harbour"
2025-05-28,"Quathiaski Cove",27.9033333333333,"QUA",50.042604,-125.21604,"2025","May",2,16,"Overcast","N",5,0,5,2.5,0.3125,"None",22,"Quathiaski Cove"
2025-05-28,"Tofino",24.2127083333333,"TOF",49.151969,-125.89702,"2025","May",2,17,"Sunny,Windy","N",22,2,24,12,1.411764706,"None",22,"Tofino"
2025-05-29,"Echo Bay",26.5354166666667,"ECH",50.745688,-126.499202,"2025","May",2,17,"Overcast","N",0,0,0,0,0,"None",22,"Echo Bay"
2025-05-29,"Ford Cove",28.3872916666667,"FOR",49.497028,-124.67667,"2025","May",1,8,"Sunny","N",0,0,0,0,0,"None",22,"Ford Cove"
2025-05-29,"Hope Bay",25.9002083333333,"HOP",48.803253,-123.27521,"2025","May",1,8,"Rain,Overcast","N",2,0,2,2,0.25,"None",22,"Hope Bay"
2025-05-29,"Horseshoe Bay",17.7166666666667,"HOR",49.375655,-123.27313,"2025","May",2,16,"Rain,Overcast,Windy","N",0,0,0,0,0,"None",22,"Horseshoe Bay"
2025-05-29,"Whaler Bay",22.4254166666667,"WHA",48.884619,-123.32731,"2025","May",2,16,"Sunny","N",0,0,0,0,0,"None",22,"Whaler Bay"
2025-05-30,"Daajing Giids",25.84875,"DAA",53.252061,-132.07252,"2025","May",2,15,"Rain,Windy","N",0,0,0,0,0,"None",22,"Daajing Giids"
2025-05-30,"Indian Arm",10.773125,"IND",49.461387,-122.88625,"2025","May",2,17,"Sunny,Windy","N",0,0,0,0,0,"None",22,"Indian Arm"
2025-05-30,"Miners Bay",24.5739583333333,"MIN",48.852116,-123.30153,"2025","May",2,17,"Sunny","N",0,0,0,0,0,"None",22,"Miners Bay"
2025-05-30,"Pender Harbour",21.2716666666667,"PDH",49.623357,-124.02568,"2025","May",1,8,"Overcast","N",1,0,1,1,0.125,"None",22,"Pender Harbour"
2025-05-30,"Port Moody",22.1733333333333,"MOO",49.30056,-122.87578,"2025","May",2,16,"Overcast","N",0,0,0,0,0,"None",22,"Port Moody"
2025-05-30,"Quathiaski Cove",28.0752083333333,"QUA",50.042604,-125.21604,"2025","May",2,16,"Overcast","Y",1338.666667,0,1338.666667,669.3333335,83.66666669,"None",22,"Quathiaski Cove"
2025-05-30,"Tofino",24.131875,"TOF",49.151969,-125.89702,"2025","May",2,16,"Rain","N",52,13,65,32.5,4.0625,"None",22,"Tofino"
2025-05-31,"Echo Bay",26.1633333333333,"ECH",50.745688,-126.499202,"2025","May",2,17,"Overcast","N",2,0,2,1,0.117647059,"None",22,"Echo Bay"
2025-05-31,"Ford Cove",28.2516666666667,"FOR",49.497028,-124.67667,"2025","May",1,8,"Rain","N",2,0,2,2,0.25,"None",22,"Ford Cove"
2025-05-31,"Hope Bay",25.8497916666667,"HOP",48.803253,-123.27521,"2025","May",1,8,"Rain","N",1,0,1,1,0.125,"None",22,"Hope Bay"
2025-05-31,"Horseshoe Bay",16.9272916666667,"HOR",49.375655,-123.27313,"2025","May",2,16,"Rain","N",0,0,0,0,0,"None",22,"Horseshoe Bay"
2025-05-31,"Whaler Bay",19.785,"WHA",48.884619,-123.32731,"2025","May",2,16,"Rain","N",0,0,0,0,0,"None",22,"Whaler Bay"
2025-06-01,"Indian Arm",9.44270833333333,"IND",49.461387,-122.88625,"2025","Jun",2,17,"Sunny,Windy","N",0,0,0,0,0,"None",22,"Indian Arm"
2025-06-01,"Port Moody",20.701875,"MOO",49.30056,-122.87578,"2025","Jun",2,16,"Overcast","N",0,0,0,0,0,"None",22,"Port Moody"
2025-06-01,"Whaler Bay",15.569375,"WHA",48.884619,-123.32731,"2025","Jun",1,8,"Sunny","N",0,0,0,0,0,"None",22,"Whaler Bay"
2025-06-02,"Daajing Giids",26.37,"DAA",53.252061,-132.07252,"2025","Jun",2,15,"Overcast,Windy","N",0,0,0,0,0,"None",22,"Daajing Giids"
2025-06-02,"Echo Bay",26.0708333333333,"ECH",50.745688,-126.499202,"2025","Jun",2,17,"Sunny","N",1,0,1,0.5,0.058823529,"None",22,"Echo Bay"
2025-06-02,"Horseshoe Bay",16.4122916666667,"HOR",49.375655,-123.27313,"2025","Jun",2,16,"Sunny,Windy","N",0,0,0,0,0,"None",22,"Horseshoe Bay"
2025-06-02,"Miners Bay",18.674375,"MIN",48.852116,-123.30153,"2025","Jun",2,17,"Windy","N",0,0,0,0,0,"None",22,"Miners Bay"
2025-06-02,"Pender Harbour",23.2452083333333,"PDH",49.623357,-124.02568,"2025","Jun",1,8,"Sunny","N",1,0,1,1,0.125,"None",22,"Pender Harbour"
2025-06-02,"Quathiaski Cove",26.2910416666667,"QUA",50.042604,-125.21604,"2025","Jun",2,16,"Sunny","Y",432,0,432,216,27,"None",22,"Quathiaski Cove"
2025-06-02,"Tofino",24.2114583333333,"TOF",49.151969,-125.89702,"2025","Jun",2,16,"Sunny,Windy","N",117,51,168,84,10.5,"None",22,"Tofino"
2025-06-03,"Ford Cove",26.9633333333333,"FOR",49.497028,-124.67667,"2025","Jun",1,8,"Sunny","N",0,0,0,0,0,"None",22,"Ford Cove"
2025-06-03,"Hope Bay",22.4835416666667,"HOP",48.803253,-123.27521,"2025","Jun",1,8,"Sunny,Windy","N",0,0,0,0,0,"None",22,"Hope Bay"
2025-06-03,"Indian Arm",11.31375,"IND",49.461387,-122.88625,"2025","Jun",2,17,"Sunny,Windy","N",0,0,0,0,0,"None",22,"Indian Arm"
2025-06-03,"Port Moody",20.8220833333333,"MOO",49.30056,-122.87578,"2025","Jun",2,16,"Sunny","N",0,0,0,0,0,"None",22,"Port Moody"
2025-06-03,"Whaler Bay",21.493125,"WHA",48.884619,-123.32731,"2025","Jun",2,16,"Sunny,Windy","N",2,0,2,1,0.125,"None",22,"Whaler Bay"
2025-06-04,"Daajing Giids",26.0345833333333,"DAA",53.252061,-132.07252,"2025","Jun",2,15,"Overcast","N",0,0,0,0,0,"None",23,"Daajing Giids"
2025-06-04,"Echo Bay",24.3570833333333,"ECH",50.745688,-126.499202,"2025","Jun",2,17,"Overcast","N",0,0,0,0,0,"None",23,"Echo Bay"
2025-06-04,"Horseshoe Bay",16.199375,"HOR",49.375655,-123.27313,"2025","Jun",2,16,"Overcast","N",1,0,1,0.5,0.0625,"None",23,"Horseshoe Bay"
2025-06-04,"Miners Bay",25.3741666666667,"MIN",48.852116,-123.30153,"2025","Jun",2,16,"Sunny","N",5,0,5,2.5,0.3125,"None",23,"Miners Bay"
2025-06-04,"Pender Harbour",25.3841666666667,"PDH",49.623357,-124.02568,"2025","Jun",1,8,"Overcast","N",6,0,6,6,0.75,"None",23,"Pender Harbour"
2025-06-04,"Quathiaski Cove",26.1758333333333,"QUA",50.042604,-125.21604,"2025","Jun",2,16,"Overcast","Y",181.3333333,0,181.3333333,90.66666665,11.33333333,"None",23,"Quathiaski Cove"
2025-06-04,"Tofino",24.22375,"TOF",49.151969,-125.89702,"2025","Jun",2,16,"Sunny","N",4,10,14,7,0.875,"None",23,"Tofino"
2025-06-05,"Ford Cove",27.0610416666667,"FOR",49.497028,-124.67667,"2025","Jun",1,8,"Sunny","N",50,0,50,50,6.25,"None",23,"Ford Cove"
2025-06-05,"Hope Bay",23.1279166666667,"HOP",48.803253,-123.27521,"2025","Jun",1,8,"Sunny,Windy","N",0,0,0,0,0,"None",23,"Hope Bay"
2025-06-05,"Indian Arm",13.734375,"IND",49.461387,-122.88625,"2025","Jun",2,15,"Sunny,Windy","N",0,0,0,0,0,"None",23,"Indian Arm"
2025-06-06,"Daajing Giids",26.3739583333333,"DAA",53.252061,-132.07252,"2025","Jun",2,15,"Sunny","N",0,0,0,0,0,"None",23,"Daajing Giids"
2025-06-06,"Echo Bay",24.6835416666667,"ECH",50.745688,-126.499202,"2025","Jun",2,17,"Overcast","N",0,0,0,0,0,"None",23,"Echo Bay"
2025-06-06,"Ford Cove",26.975,"FOR",49.497028,-124.67667,"2025","Jun",1,8,"Sunny","N",190,1,191,191,23.875,"None",23,"Ford Cove"
2025-06-06,"Horseshoe Bay",16.360625,"HOR",49.375655,-123.27313,"2025","Jun",2,16,"Sunny","N",0,0,0,0,0,"None",23,"Horseshoe Bay"
2025-06-06,"Miners Bay",21.1789583333333,"MIN",48.852116,-123.30153,"2025","Jun",2,16,"Sunny","N",16,0,16,8,1,"None",23,"Miners Bay"
2025-06-06,"Pender Harbour",26.1620833333333,"PDH",49.623357,-124.02568,"2025","Jun",1,8,"Sunny,Windy","N",3,0,3,3,0.375,"None",23,"Pender Harbour"
2025-06-06,"Port Moody",20.7891666666667,"MOO",49.30056,-122.87578,"2025","Jun",2,16,"Sunny","N",0,0,0,0,0,"None",23,"Port Moody"
2025-06-06,"Quathiaski Cove",25.8789583333333,"QUA",50.042604,-125.21604,"2025","Jun",2,16,"Sunny,Windy","Y",533.3333333,0,533.3333333,266.6666667,33.33333333,"None",23,"Quathiaski Cove"
2025-06-07,"Hope Bay",22.2272916666667,"HOP",48.803253,-123.27521,"2025","Jun",1,8,"Sunny,Windy","N",0,0,0,0,0,"None",23,"Hope Bay"
2025-06-08,"Echo Bay",25.3597916666667,"ECH",50.745688,-126.499202,"2025","Jun",2,17,"Overcast","N",1,0,1,0.5,0.058823529,"None",23,"Echo Bay"
2025-06-08,"Horseshoe Bay",13.2845833333333,"HOR",49.375655,-123.27313,"2025","Jun",2,16,"Sunny","N",1,0,1,0.5,0.0625,"None",23,"Horseshoe Bay"
2025-06-08,"Indian Arm",11.235,"IND",49.461387,-122.88625,"2025","Jun",3,24,"Sunny","N",0,0,0,0,0,"None",23,"Indian Arm"
2025-06-08,"Port Moody",20.8010416666667,"MOO",49.30056,-122.87578,"2025","Jun",2,16,"Sunny","N",0,0,0,0,0,"None",23,"Port Moody"
2025-06-08,"Silva Bay",25.24,"SIL",49.149062,-123.69713,"2025","Jun",1,8,"Sunny,Windy","N",137,0,137,137,17.125,"None",23,"Silva Bay"
2025-06-09,"Daajing Giids",26.5070833333333,"DAA",53.252061,-132.07252,"2025","Jun",2,15,"Overcast,Windy","N",0,0,0,0,0,"None",23,"Daajing Giids"
2025-06-09,"Miners Bay",20.2291666666667,"MIN",48.852116,-123.30153,"2025","Jun",2,16,"Sunny","N",2,0,2,1,0.125,"None",23,"Miners Bay"
2025-06-09,"Pender Harbour",26.900625,"PDH",49.623357,-124.02568,"2025","Jun",1,8,"Sunny,Windy","N",8,0,8,8,1,"None",23,"Pender Harbour"
2025-06-09,"Quathiaski Cove",26.2054166666667,"QUA",50.042604,-125.21604,"2025","Jun",2,15,"Sunny,Windy","N",547,0,547,273.5,36.46666667,"None",23,"Quathiaski Cove"
2025-06-09,"Tofino",24.526875,"TOF",49.151969,-125.89702,"2025","Jun",2,16,"Sunny","N",1,1,2,1,0.125,"None",23,"Tofino"
2025-06-10,"Echo Bay",25.8772916666667,"ECH",50.745688,-126.499202,"2025","Jun",2,17,"Overcast","N",13,1,14,7,0.823529412,"None",23,"Echo Bay"
2025-06-10,"Ford Cove",27.178125,"FOR",49.497028,-124.67667,"2025","Jun",1,7.5,"Sunny,Windy","N",22,1,23,23,3.066666667,"None",23,"Ford Cove"
2025-06-10,"Hope Bay",21.741875,"HOP",48.803253,-123.27521,"2025","Jun",1,7.5,"Sunny","N",1,0,1,1,0.133333333,"None",23,"Hope Bay"
2025-06-10,"Horseshoe Bay",11.9789583333333,"HOR",49.375655,-123.27313,"2025","Jun",2,16,"Sunny","N",1,1,2,1,0.125,"None",23,"Horseshoe Bay"
2025-06-10,"Indian Arm",10.2620833333333,"IND",49.461387,-122.88625,"2025","Jun",2,16.5,"Sunny","N",0,0,0,0,0,"None",23,"Indian Arm"
2025-06-10,"Port Moody",22.0520833333333,"MOO",49.30056,-122.87578,"2025","Jun",2,15,"Sunny,Windy","N",1,0,1,0.5,0.066666667,"None",23,"Port Moody"
2025-06-10,"Silva Bay",25.6033333333333,"SIL",49.149062,-123.69713,"2025","Jun",2,16,"Sunny,Windy","N",240,1,241,120.5,15.0625,"None",23,"Silva Bay"
2025-06-11,"Daajing Giids",26.5958333333333,"DAA",53.252061,-132.07252,"2025","Jun",2,14,"Sunny","N",0,0,0,0,0,"None",24,"Daajing Giids"
2025-06-11,"Miners Bay",22.0522916666667,"MIN",48.852116,-123.30153,"2025","Jun",2,15,"Sunny","N",23,0,23,11.5,1.533333333,"None",24,"Miners Bay"
2025-06-11,"Quathiaski Cove",25.9422916666667,"QUA",50.042604,-125.21604,"2025","Jun",2,15,"Sunny,Windy","N",162,0,162,81,10.8,"None",24,"Quathiaski Cove"
2025-06-12,"Echo Bay",23.5810416666667,"ECH",50.745688,-126.499202,"2025","Jun",2,15,"Overcast","N",5,0,5,2.5,0.333333333,"None",24,"Echo Bay"
2025-06-12,"Ford Cove",27.229375,"FOR",49.497028,-124.67667,"2025","Jun",1,7.5,"Overcast","N",24,0,24,24,3.2,"None",24,"Ford Cove"
2025-06-12,"Hope Bay",23.4147916666667,"HOP",48.803253,-123.27521,"2025","Jun",1,7.5,"Overcast","N",0,0,0,0,0,"None",24,"Hope Bay"
2025-06-12,"Horseshoe Bay",18.8775,"HOR",49.375655,-123.27313,"2025","Jun",2,15,"Overcast,Windy","N",0,0,0,0,0,"None",24,"Horseshoe Bay"
2025-06-12,"Indian Arm",7.66395833333333,"IND",49.461387,-122.88625,"2025","Jun",2,15,"Overcast,Windy","N",0,0,0,0,0,"None",24,"Indian Arm"
2025-06-12,"Pender Harbour",27.1079166666667,"PDH",49.623357,-124.02568,"2025","Jun",1,7.5,"Overcast","N",6,1,7,7,0.933333333,"None",24,"Pender Harbour"
2025-06-12,"Silva Bay",24.5141666666667,"SIL",49.149062,-123.69713,"2025","Jun",2,15,"Overcast","N",28,8,36,18,2.4,"None",24,"Silva Bay"
2025-06-12,"Whaler Bay",20.6341666666667,"WHA",48.884619,-123.32731,"2025","Jun",2,15,"Overcast","N",48,1,49,24.5,3.266666667,"None",24,"Whaler Bay"
2025-06-13,"Daajing Giids",26.655,"DAA",53.252061,-132.07252,"2025","Jun",2,14,"Overcast","N",0,0,0,0,0,"None",24,"Daajing Giids"
2025-06-13,"Miners Bay",23.4047916666667,"MIN",48.852116,-123.30153,"2025","Jun",2,15,"Overcast","N",11,0,11,5.5,0.733333333,"None",24,"Miners Bay"
2025-06-13,"Pender Harbour",23.9808333333333,"PDH",49.623357,-124.02568,"2025","Jun",1,7.5,"Overcast,Windy","N",22,0,22,22,2.933333333,"None",24,"Pender Harbour"
2025-06-13,"Port Moody",22.8495833333333,"MOO",49.30056,-122.87578,"2025","Jun",2,15,"Overcast,Windy","N",16,0,16,8,1.066666667,"None",24,"Port Moody"
2025-06-13,"Quathiaski Cove",26.1977083333333,"QUA",50.042604,-125.21604,"2025","Jun",2,15,"Sunny","Y",554.6666667,0,554.6666667,277.3333334,36.97777778,"None",24,"Quathiaski Cove"
2025-06-13,"Tofino",24.880625,"TOF",49.151969,-125.89702,"2025","Jun",2,16,"Overcast","N",0,0,0,0,0,"BAT",24,"Tofino"
2025-06-14,"Echo Bay",23.0570833333333,"ECH",50.745688,-126.499202,"2025","Jun",2,17,"Overcast","N",0,0,0,0,0,"None",24,"Echo Bay"
2025-06-14,"Ford Cove",27.3245833333333,"FOR",49.497028,-124.67667,"2025","Jun",1,7.5,"Sunny","N",10,0,10,10,1.333333333,"None",24,"Ford Cove"
2025-06-14,"Hope Bay",25.0545833333333,"HOP",48.803253,-123.27521,"2025","Jun",1,7.5,"Overcast","N",1,0,1,1,0.133333333,"None",24,"Hope Bay"
2025-06-14,"Horseshoe Bay",14.5170833333333,"HOR",49.375655,-123.27313,"2025","Jun",2,15,"Overcast","N",7,0,7,3.5,0.466666667,"None",24,"Horseshoe Bay"
2025-06-14,"Indian Arm",11.645625,"IND",49.461387,-122.88625,"2025","Jun",2,15,"Sunny","N",0,0,0,0,0,"None",24,"Indian Arm"
2025-06-14,"Silva Bay",22.9047916666667,"SIL",49.149062,-123.69713,"2025","Jun",2,15,"Overcast","N",16,3,19,9.5,1.266666667,"None",24,"Silva Bay"
2025-06-14,"Whaler Bay",22.1408333333333,"WHA",48.884619,-123.32731,"2025","Jun",2,15,"Sunny","N",29,6,35,17.5,2.333333333,"None",24,"Whaler Bay"
2025-06-15,"Port Moody",22.7808333333333,"MOO",49.30056,-122.87578,"2025","Jun",2,15,"Sunny","N",14,4,18,9,1.2,"None",24,"Port Moody"
2025-06-15,"Silva Bay",22.5970833333333,"SIL",49.149062,-123.69713,"2025","Jun",1,7.5,"Sunny","N",17,0,17,17,2.266666667,"None",24,"Silva Bay"
2025-06-16,"Daajing Giids",26.7427083333333,"DAA",53.252061,-132.07252,"2025","Jun",2,14,"Overcast","N",0,0,0,0,0,"None",24,"Daajing Giids"
2025-06-16,"Echo Bay",20.320625,"ECH",50.745688,-126.499202,"2025","Jun",2,15,"Overcast","N",0,0,0,0,0,"None",24,"Echo Bay"
2025-06-16,"Ford Cove",27.3625,"FOR",49.497028,-124.67667,"2025","Jun",1,7.5,"Overcast","N",6,0,6,6,0.8,"None",24,"Ford Cove"
2025-06-16,"Horseshoe Bay",12.5514583333333,"HOR",49.375655,-123.27313,"2025","Jun",2,15,"Overcast","N",41,6,47,23.5,3.133333333,"None",24,"Horseshoe Bay"
2025-06-16,"Indian Arm",11.319375,"IND",49.461387,-122.88625,"2025","Jun",2,15,"Sunny,Windy","N",1,0,1,0.5,0.066666667,"None",24,"Indian Arm"
2025-06-16,"Miners Bay",24.64,"MIN",48.852116,-123.30153,"2025","Jun",2,15,"Sunny","N",85,0,85,42.5,5.666666667,"None",24,"Miners Bay"
2025-06-16,"Pender Harbour",22.7545833333333,"PDH",49.623357,-124.02568,"2025","Jun",1,7.5,"Overcast","N",12,0,12,12,1.6,"None",24,"Pender Harbour"
2025-06-16,"Quathiaski Cove",26.334375,"QUA",50.042604,-125.21604,"2025","Jun",2,15,"Overcast","N",74,0,74,37,4.933333333,"None",24,"Quathiaski Cove"
2025-06-16,"Whaler Bay",25.4870833333333,"WHA",48.884619,-123.32731,"2025","Jun",2,15,"Sunny","N",30,3,33,16.5,2.2,"None",24,"Whaler Bay"
2025-06-17,"Ford Cove",27.5985416666667,"FOR",49.497028,-124.67667,"2025","Jun",1,7.5,"Overcast","N",2,0,2,2,0.266666667,"None",24,"Ford Cove"
2025-06-17,"Hope Bay",26.16125,"HOP",48.803253,-123.27521,"2025","Jun",1,7.5,"Overcast","N",43,10,53,53,7.066666667,"None",24,"Hope Bay"
2025-06-17,"Port Moody",22.976875,"MOO",49.30056,-122.87578,"2025","Jun",2,15,"Overcast,Windy","N",8,4,12,6,0.8,"None",24,"Port Moody"
2025-06-17,"Silva Bay",21.4283333333333,"SIL",49.149062,-123.69713,"2025","Jun",2,15,"Overcast","N",46,0,46,23,3.066666667,"None",24,"Silva Bay"
2025-06-17,"Tofino",24.8122916666667,"TOF",49.151969,-125.89702,"2025","Jun",2,16,"Rain","N",0,1,1,0.5,0.0625,"None",24,"Tofino"
2025-06-18,"Daajing Giids",26.7745833333333,"DAA",53.252061,-132.07252,"2025","Jun",2,14,"Overcast","N",0,0,0,0,0,"None",25,"Daajing Giids"
2025-06-18,"Echo Bay",18.8433333333333,"ECH",50.745688,-126.499202,"2025","Jun",2,15,"Overcast","N",0,0,0,0,0,"None",25,"Echo Bay"
2025-06-18,"Horseshoe Bay",11.6985416666667,"HOR",49.375655,-123.27313,"2025","Jun",2,15,"Overcast","N",14,1,15,7.5,1,"None",25,"Horseshoe Bay"
2025-06-18,"Indian Arm",13.7972916666667,"IND",49.461387,-122.88625,"2025","Jun",2,15,"Sunny","N",7,1,8,4,0.533333333,"None",25,"Indian Arm"
2025-06-18,"Pender Harbour",20.4614583333333,"PDH",49.623357,-124.02568,"2025","Jun",1,7.5,"Sunny,Overcast","N",8,0,8,8,1.066666667,"None",25,"Pender Harbour"
2025-06-18,"Quathiaski Cove",26.1920833333333,"QUA",50.042604,-125.21604,"2025","Jun",2,15,"Sunny","N",66,0,66,33,4.4,"None",25,"Quathiaski Cove"
2025-06-19,"Ford Cove",27.8308333333333,"FOR",49.497028,-124.67667,"2025","Jun",1,7.5,"Sunny","N",1,0,1,1,0.133333333,"None",25,"Ford Cove"
2025-06-19,"Hope Bay",26.3322916666667,"HOP",48.803253,-123.27521,"2025","Jun",1,7.5,"Sunny","N",28,0,28,28,3.733333333,"None",25,"Hope Bay"
2025-06-19,"Silva Bay",17.406875,"SIL",49.149062,-123.69713,"2025","Jun",2,15,"Sunny","Y",1141.333333,3,1144.333333,572.1666665,76.28888887,"None",25,"Silva Bay"
2025-06-19,"Tofino",24.4641666666667,"TOF",49.151969,-125.89702,"2025","Jun",2,16,"Overcast","N",0,0,0,0,0,"None",25,"Tofino"
2025-06-19,"Whaler Bay",25.6672916666667,"WHA",48.884619,-123.32731,"2025","Jun",3,25.5,"Sunny","N",137,5,142,47.33333333,5.568627451,"None",25,"Whaler Bay"
2025-06-20,"Daajing Giids",26.8591666666667,"DAA",53.252061,-132.07252,"2025","Jun",2,15,"Sunny","N",0,0,0,0,0,"None",25,"Daajing Giids"
2025-06-20,"Echo Bay",20.5360416666667,"ECH",50.745688,-126.499202,"2025","Jun",2,15,"Overcast","N",0,0,0,0,0,"None",25,"Echo Bay"
2025-06-20,"Indian Arm",15.1089583333333,"IND",49.461387,-122.88625,"2025","Jun",2,15,"Rain,Windy","N",9,2,11,5.5,0.733333333,"None",25,"Indian Arm"
2025-06-20,"Miners Bay",24.2245833333333,"MIN",48.852116,-123.30153,"2025","Jun",2,15,"Overcast","N",168,0,168,84,11.2,"None",25,"Miners Bay"
2025-06-20,"Pender Harbour",20.7385416666667,"PDH",49.623357,-124.02568,"2025","Jun",1,7.5,"Overcast","N",6,0,6,6,0.8,"None",25,"Pender Harbour"
2025-06-20,"Port Moody",22.9489583333333,"MOO",49.30056,-122.87578,"2025","Jun",2,15,"Overcast,Windy","N",9,8,17,8.5,1.133333333,"None",25,"Port Moody"
2025-06-21,"Ford Cove",27.4960416666667,"FOR",49.497028,-124.67667,"2025","Jun",1,7.5,"Overcast","N",1,0,1,1,0.133333333,"None",25,"Ford Cove"
2025-06-21,"Tofino",24.4202083333333,"TOF",49.151969,-125.89702,"2025","Jun",2,16,"Sunny","N",1,0,1,0.5,0.0625,"None",25,"Tofino"
2025-06-21,"Whaler Bay",19.62125,"WHA",48.884619,-123.32731,"2025","Jun",2,15,"Rain,Overcast","N",188,13,201,100.5,13.4,"None",25,"Whaler Bay"
2025-06-22,"Echo Bay",23.3564583333333,"ECH",50.745688,-126.499202,"2025","Jun",2,15,"Overcast","N",0,0,0,0,0,"None",25,"Echo Bay"
2025-06-22,"Ford Cove",27.620625,"FOR",49.497028,-124.67667,"2025","Jun",1,7.5,"Overcast","N",1,0,1,1,0.133333333,"None",25,"Ford Cove"
2025-06-22,"Horseshoe Bay",12.631875,"HOR",49.375655,-123.27313,"2025","Jun",2,15,"Overcast","N",23,2,25,12.5,1.666666667,"None",25,"Horseshoe Bay"
2025-06-22,"Indian Arm",15.7241666666667,"IND",49.461387,-122.88625,"2025","Jun",2,15,"Overcast","N",15,18,33,16.5,2.2,"None",25,"Indian Arm"
2025-06-22,"Port Moody",22.916875,"MOO",49.30056,-122.87578,"2025","Jun",2,15,"Overcast","N",3,1,4,2,0.266666667,"None",25,"Port Moody"
2025-06-22,"Silva Bay",21.6504166666667,"SIL",49.149062,-123.69713,"2025","Jun",1,7.5,"Overcast","Y",2330.666667,17,2347.666667,2347.666667,313.0222223,"None",25,"Silva Bay"
2025-06-23,"Miners Bay",24.84375,"MIN",48.852116,-123.30153,"2025","Jun",2,15,"Sunny","N",25,2,27,13.5,1.8,"BAT",25,"Miners Bay"
2025-06-23,"Pender Harbour",21.42375,"PDH",49.623357,-124.02568,"2025","Jun",1,7.5,"Overcast","N",3,0,3,3,0.4,"None",25,"Pender Harbour"
2025-06-23,"Quathiaski Cove",25.3185416666667,"QUA",50.042604,-125.21604,"2025","Jun",2,16,"Overcast","N",18,0,18,9,1.125,"None",25,"Quathiaski Cove"
2025-06-23,"Tofino",24.594375,"TOF",49.151969,-125.89702,"2025","Jun",2,16,"Rain,Overcast","N",1,3,4,2,0.25,"None",25,"Tofino"
2025-06-23,"Whaler Bay",25.4095833333333,"WHA",48.884619,-123.32731,"2025","Jun",2,15,"Sunny","N",17,13,30,15,2,"None",25,"Whaler Bay"
2025-06-24,"Daajing Giids",26.90625,"DAA",53.252061,-132.07252,"2025","Jun",2,14,"Rain","N",0,0,0,0,0,"None",25,"Daajing Giids"
2025-06-24,"Echo Bay",23.8408333333333,"ECH",50.745688,-126.499202,"2025","Jun",2,15,"Overcast","N",0,0,0,0,0,"None",25,"Echo Bay"
2025-06-24,"Ford Cove",27.30125,"FOR",49.497028,-124.67667,"2025","Jun",1,7.5,"Sunny","N",0,0,0,0,0,"None",25,"Ford Cove"
2025-06-24,"Hope Bay",26.443125,"HOP",48.803253,-123.27521,"2025","Jun",1,7.5,"Sunny","N",39,10,49,49,6.533333333,"None",25,"Hope Bay"
2025-06-24,"Horseshoe Bay",12.6727083333333,"HOR",49.375655,-123.27313,"2025","Jun",2,15,"Sunny","N",113,7,120,60,8,"None",25,"Horseshoe Bay"
2025-06-24,"Indian Arm",18.5504166666667,"IND",49.461387,-122.88625,"2025","Jun",2,15,"Sunny","N",0,4,4,2,0.266666667,"None",25,"Indian Arm"
2025-06-24,"Port Moody",23.0889583333333,"MOO",49.30056,-122.87578,"2025","Jun",2,15,NA,"N",3,1,4,2,0.266666667,"None",25,"Port Moody"
2025-06-24,"Silva Bay",22.3697916666667,"SIL",49.149062,-123.69713,"2025","Jun",2,15,"Sunny","Y",2362.666667,8,2370.666667,1185.333334,158.0444445,"None",25,"Silva Bay"
2025-06-25,"Miners Bay",24.8677083333333,"MIN",48.852116,-123.30153,"2025","Jun",2,15,"Overcast","N",30,2,32,16,2.133333333,"None",26,"Miners Bay"
2025-06-25,"Pender Harbour",18.60875,"PDH",49.623357,-124.02568,"2025","Jun",1,7.5,"Overcast","N",7,0,7,7,0.933333333,"None",26,"Pender Harbour"
2025-06-25,"Tofino",24.7920833333333,"TOF",49.151969,-125.89702,"2025","Jun",2,16,"Overcast","N",3,0,3,1.5,0.1875,"None",26,"Tofino"
2025-06-25,"Whaler Bay",25.9691666666667,"WHA",48.884619,-123.32731,"2025","Jun",2,15,"Sunny,Overcast","N",14,5,19,9.5,1.266666667,"None",26,"Whaler Bay"
2025-06-26,"Daajing Giids",26.9002083333333,"DAA",53.252061,-132.07252,"2025","Jun",2,14,"Rain","N",0,0,0,0,0,"None",26,"Daajing Giids"
2025-06-26,"Echo Bay",23.7247916666667,"ECH",50.745688,-126.499202,"2025","Jun",2,15,"Rain","N",0,0,0,0,0,"None",26,"Echo Bay"
2025-06-26,"Ford Cove",27.5633333333333,"FOR",49.497028,-124.67667,"2025","Jun",1,7.5,"Overcast","N",0,0,0,0,0,"None",26,"Ford Cove"
2025-06-26,"Hope Bay",26.73875,"HOP",48.803253,-123.27521,"2025","Jun",1,7.5,"Overcast,Windy","N",55,0,55,55,7.333333333,"None",26,"Hope Bay"
2025-06-26,"Horseshoe Bay",11.6864583333333,"HOR",49.375655,-123.27313,"2025","Jun",1,7.5,"Overcast,Windy","N",54,0,54,54,7.2,"None",26,"Horseshoe Bay"
2025-06-26,"Indian Arm",19.49,"IND",49.461387,-122.88625,"2025","Jun",2,15,"Rain","N",0,1,1,0.5,0.066666667,"None",26,"Indian Arm"
2025-06-26,"Silva Bay",25.4725,"SIL",49.149062,-123.69713,"2025","Jun",2,15,"Overcast","Y",778.6666667,135,913.6666667,456.8333334,60.91111111,"None",26,"Silva Bay"
2025-06-27,"Daajing Giids",26.8877083333333,"DAA",53.252061,-132.07252,"2025","Jun",2,14,"Rain","N",1,0,1,0.5,0.071428571,"None",26,"Daajing Giids"
2025-06-27,"Pender Harbour",17.39625,"PDH",49.623357,-124.02568,"2025","Jun",1,7.5,"Overcast","N",1,0,1,1,0.133333333,"None",26,"Pender Harbour"
2025-06-27,"Port Moody",23.0952083333333,"MOO",49.30056,-122.87578,"2025","Jun",2,15,"Overcast","N",2,0,2,1,0.133333333,"None",26,"Port Moody"
2025-06-27,"Tofino",24.3970833333333,"TOF",49.151969,-125.89702,"2025","Jun",2,16,"Rain","N",1,4,5,2.5,0.3125,"None",26,"Tofino"
2025-06-27,"Whaler Bay",26.300625,"WHA",48.884619,-123.32731,"2025","Jun",2,15,"Rain,Overcast","N",12,3,15,7.5,1,"None",26,"Whaler Bay"
2025-06-28,"Echo Bay",20.7141666666667,"ECH",50.745688,-126.499202,"2025","Jun",2,15,"Sunny","N",4,0,4,2,0.266666667,"None",26,"Echo Bay"
2025-06-28,"Hope Bay",26.8872916666667,"HOP",48.803253,-123.27521,"2025","Jun",1,7.5,"Sunny","N",137,1,138,138,18.4,"None",26,"Hope Bay"
2025-06-28,"Horseshoe Bay",12.9052083333333,"HOR",49.375655,-123.27313,"2025","Jun",2,15,"Overcast","N",17,0,17,8.5,1.133333333,"None",26,"Horseshoe Bay"
2025-06-28,"Indian Arm",18.2039583333333,"IND",49.461387,-122.88625,"2025","Jun",2,15,"Sunny,Overcast","N",0,0,0,0,0,"None",26,"Indian Arm"
2025-06-28,"Silva Bay",27.6916666666667,"SIL",49.149062,-123.69713,"2025","Jun",2,15,"Sunny","N",225,49,274,137,18.26666667,"None",26,"Silva Bay"
2025-06-29,"Ford Cove",27.8304166666667,"FOR",49.497028,-124.67667,"2025","Jun",1,7.5,"Sunny","N",0,0,0,0,0,"None",26,"Ford Cove"
2025-06-29,"Port Moody",22.9547916666667,"MOO",49.30056,-122.87578,"2025","Jun",2,15,"Sunny","N",0,0,0,0,0,"None",26,"Port Moody"
2025-06-29,"Silva Bay",25.5845833333333,"SIL",49.149062,-123.69713,"2025","Jun",1,7.5,"Sunny","N",46,3,49,49,6.533333333,"None",26,"Silva Bay"
2025-06-29,"Whaler Bay",22.7141666666667,"WHA",48.884619,-123.32731,"2025","Jun",2,15,"Sunny,Windy","N",11,1,12,6,0.8,"None",26,"Whaler Bay"
2025-06-30,"Echo Bay",23.3379166666667,"ECH",50.745688,-126.499202,"2025","Jun",2,15,"Overcast","N",9,0,9,4.5,0.6,"None",26,"Echo Bay"
2025-06-30,"Horseshoe Bay",11.3066666666667,"HOR",49.375655,-123.27313,"2025","Jun",2,15,"Sunny","N",30,6,36,18,2.4,"None",26,"Horseshoe Bay"
2025-06-30,"Indian Arm",16.441875,"IND",49.461387,-122.88625,"2025","Jun",2,15,"Sunny","N",0,0,0,0,0,"None",26,"Indian Arm"
2025-06-30,"Miners Bay",19.9983333333333,"MIN",48.852116,-123.30153,"2025","Jun",0,0,"Sunny","N",105,0,105,NA,NA,"BAT",26,"Miners Bay"
2025-06-30,"Quathiaski Cove",23.8022916666667,"QUA",50.042604,-125.21604,"2025","Jun",2,15,"Sunny","N",169,1,170,85,11.33333333,"None",26,"Quathiaski Cove"
2025-06-30,"Tofino",24.2895833333333,"TOF",49.151969,-125.89702,"2025","Jun",2,16,"Sunny","N",0,2,2,1,0.125,"None",26,"Tofino"
2025-07-01,"Ford Cove",24.0960416666667,"FOR",49.497028,-124.67667,"2025","Jul",1,7.5,"Sunny","N",0,0,0,0,0,"None",26,"Ford Cove"
2025-07-01,"Silva Bay",19.7954166666667,"SIL",49.149062,-123.69713,"2025","Jul",2,15,"Sunny","N",30,12,42,21,2.8,"None",26,"Silva Bay"
2025-07-01,"Whaler Bay",13.9827083333333,"WHA",48.884619,-123.32731,"2025","Jul",2,15,"Sunny","N",29,6,35,17.5,2.333333333,"None",26,"Whaler Bay"
2025-07-02,"Daajing Giids",26.981875,"DAA",53.252061,-132.07252,"2025","Jul",2,14,"Overcast","N",2,0,2,1,0.142857143,"None",27,"Daajing Giids"
2025-07-02,"Echo Bay",24.7775,"ECH",50.745688,-126.499202,"2025","Jul",2,15,"Overcast","N",40,0,40,20,2.666666667,"None",27,"Echo Bay"
2025-07-02,"Hope Bay",22.18,"HOP",48.803253,-123.27521,"2025","Jul",1,7.5,"Sunny","N",55,3,58,58,7.733333333,"None",27,"Hope Bay"
2025-07-02,"Indian Arm",12.6858333333333,"IND",49.461387,-122.88625,"2025","Jul",2,15,"Sunny,Windy","N",0,0,0,0,0,"None",27,"Indian Arm"
2025-07-02,"Pender Harbour",20.9670833333333,"PDH",49.623357,-124.02568,"2025","Jul",1,7.5,"Sunny","N",0,0,0,0,0,"None",27,"Pender Harbour"
2025-07-02,"Quathiaski Cove",24.3564583333333,"QUA",50.042604,-125.21604,"2025","Jul",2,15,"Sunny","N",350,2,352,176,23.46666667,"None",27,"Quathiaski Cove"
2025-07-02,"Tofino",4.00541666666667,"TOF",49.151969,-125.89702,"2025","Jul",2,16,"Sunny,Windy","N",0,0,0,0,0,"None",27,"Tofino"
2025-07-03,"Ford Cove",23.8452083333333,"FOR",49.497028,-124.67667,"2025","Jul",1,7.5,"Sunny","N",0,0,0,0,0,"None",27,"Ford Cove"
2025-07-03,"Hope Bay",22.4764583333333,"HOP",48.803253,-123.27521,"2025","Jul",1,7.5,"Sunny","N",143,3,146,146,19.46666667,"None",27,"Hope Bay"
2025-07-03,"Pender Harbour",22.020625,"PDH",49.623357,-124.02568,"2025","Jul",1,7.5,"Sunny,Overcast","N",6,0,6,6,0.8,"None",27,"Pender Harbour"
2025-07-04,"Daajing Giids",27.021875,"DAA",53.252061,-132.07252,"2025","Jul",2,14,"Overcast","N",2,0,2,1,0.142857143,"None",27,"Daajing Giids"
2025-07-04,"Echo Bay",22.2795833333333,"ECH",50.745688,-126.499202,"2025","Jul",2,15,"Overcast","N",56,0,56,28,3.733333333,"None",27,"Echo Bay"
2025-07-04,"Horseshoe Bay",15.1225,"HOR",49.375655,-123.27313,"2025","Jul",2,15,"Sunny","N",18,0,18,9,1.2,"None",27,"Horseshoe Bay"
2025-07-04,"Indian Arm",16.849375,"IND",49.461387,-122.88625,"2025","Jul",2,15,"Sunny,Windy","N",2,0,2,1,0.133333333,"None",27,"Indian Arm"
2025-07-04,"Pender Harbour",22.7379166666667,"PDH",49.623357,-124.02568,"2025","Jul",1,7.5,"Sunny","N",2,0,2,2,0.266666667,"None",27,"Pender Harbour"
2025-07-04,"Port Moody",22.1164583333333,"MOO",49.30056,-122.87578,"2025","Jul",2,15,"Sunny,Windy","N",0,2,2,1,0.133333333,"None",27,"Port Moody"
2025-07-04,"Quathiaski Cove",25.539375,"QUA",50.042604,-125.21604,"2025","Jul",2,15,"Sunny,Windy","N",436,6,442,221,29.46666667,"None",27,"Quathiaski Cove"
2025-07-04,"Whaler Bay",18.1997916666667,"WHA",48.884619,-123.32731,"2025","Jul",3,22.5,"Sunny,Windy","N",14,34,48,16,2.133333333,"BAT",27,"Whaler Bay"
2025-07-05,"Hope Bay",22.8314583333333,"HOP",48.803253,-123.27521,"2025","Jul",1,7.5,"Overcast","N",339,11,350,350,46.66666667,"None",27,"Hope Bay"
2025-07-05,"Silva Bay",22.49375,"SIL",49.149062,-123.69713,"2025","Jul",2,15,"Sunny","N",2,2,4,2,0.266666667,"None",27,"Silva Bay"
2025-07-05,"Tofino",22.9366666666667,"TOF",49.151969,-125.89702,"2025","Jul",2,16,"Sunny","N",0,1,1,0.5,0.0625,"None",27,"Tofino"
2025-07-06,"Echo Bay",17.423125,"ECH",50.745688,-126.499202,"2025","Jul",2,15,"Overcast","N",5,0,5,2.5,0.333333333,"None",27,"Echo Bay"
2025-07-06,"Ford Cove",24.373125,"FOR",49.497028,-124.67667,"2025","Jul",1,7.5,"Sunny,Overcast","N",0,0,0,0,0,"None",27,"Ford Cove"
2025-07-06,"Horseshoe Bay",14.0091666666667,"HOR",49.375655,-123.27313,"2025","Jul",2,15,"Sunny","N",7,14,21,10.5,1.4,"None",27,"Horseshoe Bay"
2025-07-06,"Indian Arm",18.3041666666667,"IND",49.461387,-122.88625,"2025","Jul",2,15,"Sunny,Windy","N",2,0,2,1,0.133333333,"None",27,"Indian Arm"
2025-07-06,"Port Moody",22.525,"MOO",49.30056,-122.87578,"2025","Jul",2,15,"Sunny","N",0,0,0,0,0,"None",27,"Port Moody"
2025-07-06,"Silva Bay",23.9875,"SIL",49.149062,-123.69713,"2025","Jul",1,7.5,"Sunny","N",4,1,5,5,0.666666667,"None",27,"Silva Bay"
2025-07-06,"Whaler Bay",22.156875,"WHA",48.884619,-123.32731,"2025","Jul",2,15,"Sunny","N",26,6,32,16,2.133333333,"None",27,"Whaler Bay"
2025-07-07,"Daajing Giids",26.98125,"DAA",53.252061,-132.07252,"2025","Jul",2,14,"Overcast","N",1,0,1,0.5,0.5,"None",27,"Daajing Giids"
2025-07-07,"Quathiaski Cove",25.1485416666667,"QUA",50.042604,-125.21604,"2025","Jul",2,15,"Sunny","N",186,5,191,95.5,12.73333333,"None",27,"Quathiaski Cove"
2025-07-07,"Whaler Bay",18.783125,"WHA",48.884619,-123.32731,"2025","Jul",1,7.5,"Sunny,Windy","N",9,0,9,9,1.2,"None",27,"Whaler Bay"
2025-07-08,"Echo Bay",19.2041666666667,"ECH",50.745688,-126.499202,"2025","Jul",2,17,"Rain","N",3,0,3,1.5,0.176470588,"None",27,"Echo Bay"
2025-07-08,"Ford Cove",23.9445833333333,"FOR",49.497028,-124.67667,"2025","Jul",1,7.5,"Rain,Overcast","N",0,0,0,0,0,"None",27,"Ford Cove"
2025-07-08,"Hope Bay",24.6602083333333,"HOP",48.803253,-123.27521,"2025","Jul",1,7.5,"Sunny,Windy","N",274,34,308,308,41.06666667,"None",27,"Hope Bay"
2025-07-08,"Horseshoe Bay",10.925625,"HOR",49.375655,-123.27313,"2025","Jul",2,15,"Sunny","N",3,32,35,17.5,2.333333333,"BAT",27,"Horseshoe Bay"
2025-07-08,"Indian Arm",17.89625,"IND",49.461387,-122.88625,"2025","Jul",2,15,"Sunny,Windy","N",0,2,2,1,0.133333333,"None",27,"Indian Arm"
2025-07-08,"Port Moody",22.299375,"MOO",49.30056,-122.87578,"2025","Jul",2,15,"Sunny,Windy","N",0,0,0,0,0,"None",27,"Port Moody"
2025-07-08,"Silva Bay",18.24,"SIL",49.149062,-123.69713,"2025","Jul",2,15,"Sunny,Windy","N",2,1,3,1.5,0.2,"None",27,"Silva Bay"
2025-07-08,"Whaler Bay",18.4797916666667,"WHA",48.884619,-123.32731,"2025","Jul",1,7.5,"Sunny","N",0,0,0,0,0,"None",27,"Whaler Bay"
2025-07-09,"Daajing Giids",27.0010416666667,"DAA",53.252061,-132.07252,"2025","Jul",2,14,"Sunny","N",0,0,0,0,0,"None",28,"Daajing Giids"
2025-07-09,"Quathiaski Cove",25.7054166666667,"QUA",50.042604,-125.21604,"2025","Jul",2,15,"Overcast","N",80,3,83,41.5,5.533333333,"None",28,"Quathiaski Cove"
2025-07-09,"Tofino",23.5695833333333,"TOF",49.151969,-125.89702,"2025","Jul",2,16,"Sunny","N",0,0,0,0,0,"None",28,"Tofino"
2025-07-10,"Echo Bay",18.7608333333333,"ECH",50.745688,-126.499202,"2025","Jul",2,15,"Sunny","N",0,0,0,0,0,"None",28,"Echo Bay"
2025-07-10,"Ford Cove",24.1320833333333,"FOR",49.497028,-124.67667,"2025","Jul",1,7.5,"Sunny","N",0,0,0,0,0,"None",28,"Ford Cove"
2025-07-10,"Hope Bay",25.2435416666667,"HOP",48.803253,-123.27521,"2025","Jul",1,7.5,"Overcast","N",202,32,234,234,31.2,"None",28,"Hope Bay"
2025-07-10,"Indian Arm",16.1364583333333,"IND",49.461387,-122.88625,"2025","Jul",2,15,"Sunny","N",0,1,1,0.5,0.066666667,"None",28,"Indian Arm"
2025-07-10,"Whaler Bay",20.971875,"WHA",48.884619,-123.32731,"2025","Jul",2,15,"Overcast","N",0,0,0,0,0,"None",28,"Whaler Bay"
2025-07-11,"Daajing Giids",26.7379166666667,"DAA",53.252061,-132.07252,"2025","Jul",2,14,"Overcast","N",0,0,0,0,0,"None",28,"Daajing Giids"
2025-07-11,"Pender Harbour",19.8139583333333,"PDH",49.623357,-124.02568,"2025","Jul",1,8.5,"Sunny","N",0,0,0,0,0,"None",28,"Pender Harbour"
2025-07-11,"Port Moody",22.4333333333333,"MOO",49.30056,-122.87578,"2025","Jul",2,15,"Sunny","N",0,0,0,0,0,"None",28,"Port Moody"
2025-07-11,"Quathiaski Cove",25.806875,"QUA",50.042604,-125.21604,"2025","Jul",2,15,"Sunny","N",29,2,31,15.5,2.066666667,"None",28,"Quathiaski Cove"
2025-07-11,"Tofino",23.8914583333333,"TOF",49.151969,-125.89702,"2025","Jul",2,16,"Overcast","N",0,0,0,0,0,"None",28,"Tofino"
2025-07-12,"Echo Bay",18.0745833333333,"ECH",50.745688,-126.499202,"2025","Jul",2,16,"Sunny","N",0,0,0,0,0,"None",28,"Echo Bay"
2025-07-12,"Hope Bay",25.4235416666667,"HOP",48.803253,-123.27521,"2025","Jul",1,8.5,"Sunny","N",124,6,130,130,15.29411765,"None",28,"Hope Bay"
2025-07-12,"Horseshoe Bay",10.4920833333333,"HOR",49.375655,-123.27313,"2025","Jul",2,15,"Sunny","N",5,5,10,5,0.666666667,"None",28,"Horseshoe Bay"
2025-07-12,"Indian Arm",16.17,"IND",49.461387,-122.88625,"2025","Jul",2,15,"Sunny","N",0,0,0,0,0,"None",28,"Indian Arm"
2025-07-12,"Silva Bay",20.735625,"SIL",49.149062,-123.69713,"2025","Jul",1,8.5,"Sunny","N",2,1,3,3,0.352941176,"None",28,"Silva Bay"
2025-07-12,"Whaler Bay",21.5258333333333,"WHA",48.884619,-123.32731,"2025","Jul",1,8.5,"Sunny","N",24,0,24,24,2.823529412,"None",28,"Whaler Bay"
2025-07-13,"Ford Cove",24.3204166666667,"FOR",49.497028,-124.67667,"2025","Jul",1,8.5,"Sunny","N",0,0,0,0,0,"None",28,"Ford Cove"
2025-07-13,"Port Moody",22.510625,"MOO",49.30056,-122.87578,"2025","Jul",2,17,"Sunny","N",2,0,2,1,0.117647059,"None",28,"Port Moody"
2025-07-13,"Silva Bay",20.6960416666667,"SIL",49.149062,-123.69713,"2025","Jul",1,8.5,"Sunny,Windy","N",11,1,12,12,1.411764706,"None",28,"Silva Bay"
2025-07-14,"Daajing Giids",26.8991666666667,"DAA",53.252061,-132.07252,"2025","Jul",2,14,"Sunny","N",0,0,0,0,0,"None",28,"Daajing Giids"
2025-07-14,"Echo Bay",21.4770833333333,"ECH",50.745688,-126.499202,"2025","Jul",2,17,"Overcast","N",18,4,22,11,1.294117647,"None",28,"Echo Bay"
2025-07-14,"Horseshoe Bay",11.749375,"HOR",49.375655,-123.27313,"2025","Jul",2,15,"Sunny","N",0,1,1,0.5,0.066666667,"None",28,"Horseshoe Bay"
2025-07-14,"Indian Arm",17.4110416666667,"IND",49.461387,-122.88625,"2025","Jul",2,17,"Sunny,Rain,Overcast,Windy","N",0,0,0,0,0,"None",28,"Indian Arm"
2025-07-14,"Pender Harbour",21.8441666666667,"PDH",49.623357,-124.02568,"2025","Jul",1,8.5,"Sunny","N",1,0,1,1,0.117647059,"None",28,"Pender Harbour"
2025-07-14,"Quathiaski Cove",25.06875,"QUA",50.042604,-125.21604,"2025","Jul",2,17,"Sunny","N",50,0,50,25,2.941176471,"None",28,"Quathiaski Cove"
2025-07-15,"Ford Cove",22.8079166666667,"FOR",49.497028,-124.67667,"2025","Jul",1,8.5,"Sunny,Windy","N",2,0,2,2,0.235294118,"None",28,"Ford Cove"
2025-07-15,"Hope Bay",22.8077083333333,"HOP",48.803253,-123.27521,"2025","Jul",1,8.5,"Sunny","N",124,19,143,143,16.82352941,"None",28,"Hope Bay"
2025-07-15,"Silva Bay",22.14,"SIL",49.149062,-123.69713,"2025","Jul",2,17,"Sunny,Windy","N",1,2,3,1.5,0.176470588,"None",28,"Silva Bay"
2025-07-16,"Daajing Giids",27.0364583333333,"DAA",53.252061,-132.07252,"2025","Jul",2,14,"Sunny","N",0,0,0,0,0,"None",29,"Daajing Giids"
2025-07-16,"Echo Bay",23.2816666666667,"ECH",50.745688,-126.499202,"2025","Jul",2,17,"Rain","N",2,1,3,1.5,0.176470588,"None",29,"Echo Bay"
2025-07-16,"Horseshoe Bay",12.6035416666667,"HOR",49.375655,-123.27313,"2025","Jul",2,17,"Sunny","N",0,0,0,0,0,"None",29,"Horseshoe Bay"
2025-07-16,"Indian Arm",17.8270833333333,"IND",49.461387,-122.88625,"2025","Jul",2,17,"Sunny,Windy","N",0,0,0,0,0,"None",29,"Indian Arm"
2025-07-16,"Miners Bay",21.3795833333333,"MIN",48.852116,-123.30153,"2025","Jul",2,17,"Sunny","N",50,1,51,25.5,3,"None",29,"Miners Bay"
2025-07-16,"Pender Harbour",25.1345833333333,"PDH",49.623357,-124.02568,"2025","Jul",1,8.5,"Sunny","N",0,0,0,0,0,"None",29,"Pender Harbour"
2025-07-16,"Port Moody",22.54125,"MOO",49.30056,-122.87578,"2025","Jul",2,17,"Sunny","N",3,2,5,2.5,0.294117647,"None",29,"Port Moody"
2025-07-16,"Quathiaski Cove",25.4,"QUA",50.042604,-125.21604,"2025","Jul",2,17,"Sunny","N",25,0,25,12.5,1.470588235,"None",29,"Quathiaski Cove"
2025-07-17,"Ford Cove",23.4666666666667,"FOR",49.497028,-124.67667,"2025","Jul",1,7.5,"Sunny","N",0,0,0,0,0,"None",29,"Ford Cove"
2025-07-17,"Hope Bay",23.0760416666667,"HOP",48.803253,-123.27521,"2025","Jul",1,8.5,"Sunny","N",28,1,29,29,3.411764706,"None",29,"Hope Bay"
2025-07-17,"Silva Bay",23.9477083333333,"SIL",49.149062,-123.69713,"2025","Jul",2,17,"Sunny","N",6,1,7,3.5,0.411764706,"None",29,"Silva Bay"
2025-07-18,"Daajing Giids",27.1189583333333,"DAA",53.252061,-132.07252,"2025","Jul",2,15,"Overcast","N",0,0,0,0,0,"None",29,"Daajing Giids"
2025-07-18,"Echo Bay",22.1579166666667,"ECH",50.745688,-126.499202,"2025","Jul",2,17,"Overcast","N",0,2,2,1,0.117647059,"None",29,"Echo Bay"
2025-07-18,"Indian Arm",18.34625,"IND",49.461387,-122.88625,"2025","Jul",2,17,"Sunny,Windy","N",2,1,3,1.5,0.176470588,"None",29,"Indian Arm"
2025-07-18,"Miners Bay",20.1289583333333,"MIN",48.852116,-123.30153,"2025","Jul",2,17,"Overcast","N",40,2,42,21,2.470588235,"None",29,"Miners Bay"
2025-07-18,"Pender Harbour",26.2654166666667,"PDH",49.623357,-124.02568,"2025","Jul",1,8.5,"Overcast,Windy","N",1,0,1,1,0.117647059,"None",29,"Pender Harbour"
2025-07-18,"Port Moody",22.563125,"MOO",49.30056,-122.87578,"2025","Jul",2,17,"Overcast","N",3,2,5,2.5,0.294117647,"None",29,"Port Moody"
2025-07-18,"Quathiaski Cove",24.8883333333333,"QUA",50.042604,-125.21604,"2025","Jul",2,17,"Sunny,Overcast","N",239,0,239,119.5,14.05882353,"None",29,"Quathiaski Cove"
2025-07-18,"Tofino",24.276875,"TOF",49.151969,-125.89702,"2025","Jul",2,17,"Sunny","N",0,0,0,0,0,"None",29,"Tofino"
2025-07-19,"Hope Bay",23.229375,"HOP",48.803253,-123.27521,"2025","Jul",1,8.5,"Overcast","N",381,19,400,400,47.05882353,"None",29,"Hope Bay"
2025-07-19,"Silva Bay",22.866875,"SIL",49.149062,-123.69713,"2025","Jul",2,17,"Overcast,Windy","N",1,1,2,1,0.117647059,"None",29,"Silva Bay"
2025-07-20,"Echo Bay",21.58,"ECH",50.745688,-126.499202,"2025","Jul",2,17,"Overcast","N",0,1,1,0.5,0.058823529,"None",29,"Echo Bay"
2025-07-20,"Ford Cove",23.6052083333333,"FOR",49.497028,-124.67667,"2025","Jul",1,8.5,"Sunny","N",0,0,0,0,0,"None",29,"Ford Cove"
2025-07-20,"Horseshoe Bay",17.5079166666667,"HOR",49.375655,-123.27313,"2025","Jul",2,17,"Overcast","N",14,1,15,7.5,0.882352941,"None",29,"Horseshoe Bay"
2025-07-20,"Indian Arm",20.2789583333333,"IND",49.461387,-122.88625,"2025","Jul",2,17,"Sunny,Windy","N",18,1,19,9.5,1.117647059,"None",29,"Indian Arm"
2025-07-20,"Port Moody",23.0725,"MOO",49.30056,-122.87578,"2025","Jul",2,17,"Overcast","N",6,7,13,6.5,0.764705882,"None",29,"Port Moody"
2025-07-20,"Silva Bay",23.2960416666667,"SIL",49.149062,-123.69713,"2025","Jul",1,8.5,"Overcast","N",0,0,0,0,0,"None",29,"Silva Bay"
2025-07-20,"Whaler Bay",24.4416666666667,"WHA",48.884619,-123.32731,"2025","Jul",2,17,"Sunny,Windy","N",21,5,26,13,1.529411765,"None",29,"Whaler Bay"
2025-07-21,"Daajing Giids",27.1389583333333,"DAA",53.252061,-132.07252,"2025","Jul",2,15,"Sunny","N",0,0,0,0,0,"None",29,"Daajing Giids"
2025-07-21,"Miners Bay",24.010625,"MIN",48.852116,-123.30153,"2025","Jul",2,17,"Sunny","N",48,2,50,25,2.941176471,"None",29,"Miners Bay"
2025-07-21,"Pender Harbour",24.9814583333333,"PDH",49.623357,-124.02568,"2025","Jul",1,8.5,"Sunny","N",0,0,0,0,0,"None",29,"Pender Harbour"
2025-07-21,"Tofino",24.23375,"TOF",49.151969,-125.89702,"2025","Jul",2,17,"Overcast","N",0,0,0,0,0,"None",29,"Tofino"
2025-07-21,"Whaler Bay",25.296875,"WHA",48.884619,-123.32731,"2025","Jul",1,8.5,"Sunny","N",2,3,5,5,0.588235294,"None",29,"Whaler Bay"
2025-07-22,"Echo Bay",22.5179166666667,"ECH",50.745688,-126.499202,"2025","Jul",2,17,"Overcast","N",4,0,4,2,0.235294118,"None",29,"Echo Bay"
2025-07-22,"Ford Cove",24.095625,"FOR",49.497028,-124.67667,"2025","Jul",1,7.5,"Sunny","N",0,0,0,0,0,"None",29,"Ford Cove"
2025-07-22,"Hope Bay",25.1275,"HOP",48.803253,-123.27521,"2025","Jul",1,8.5,"Sunny","N",1297,36,1333,1333,156.8235294,"None",29,"Hope Bay"
2025-07-22,"Horseshoe Bay",14.23875,"HOR",49.375655,-123.27313,"2025","Jul",2,17,"Sunny,Overcast","N",1,5,6,3,0.352941176,"None",29,"Horseshoe Bay"
2025-07-22,"Indian Arm",21.2033333333333,"IND",49.461387,-122.88625,"2025","Jul",2,17,"Sunny,Windy","N",9,13,22,11,1.294117647,"None",29,"Indian Arm"
2025-07-22,"Silva Bay",25.5102083333333,"SIL",49.149062,-123.69713,"2025","Jul",2,17,"Sunny,Windy","N",2,0,2,1,0.117647059,"None",29,"Silva Bay"
2025-07-23,"Daajing Giids",27.1289583333333,"DAA",53.252061,-132.07252,"2025","Jul",2,15,"Sunny","N",0,0,0,0,0,"None",30,"Daajing Giids"
2025-07-23,"Miners Bay",25.1670833333333,"MIN",48.852116,-123.30153,"2025","Jul",2,17,"Sunny","N",12,0,12,6,0.705882353,"None",30,"Miners Bay"
2025-07-23,"Pender Harbour",24.1789583333333,"PDH",49.623357,-124.02568,"2025","Jul",1,8.5,"Sunny","N",3,0,3,3,0.352941176,"None",30,"Pender Harbour"
2025-07-23,"Port Moody",23.4929166666667,"MOO",49.30056,-122.87578,"2025","Jul",2,17,"Sunny","N",2,0,2,1,0.117647059,"None",30,"Port Moody"
2025-07-23,"Quathiaski Cove",25.4,"QUA",50.042604,-125.21604,"2025","Jul",2,17,"Sunny","N",4,0,4,2,0.235294118,"None",30,"Quathiaski Cove"
2025-07-23,"Whaler Bay",26.3341666666667,"WHA",48.884619,-123.32731,"2025","Jul",1,8.5,"Sunny","N",0,0,0,0,0,"None",30,"Whaler Bay"
2025-07-24,"Echo Bay",24.3933333333333,"ECH",50.745688,-126.499202,"2025","Jul",2,15,"Overcast","N",6,0,6,3,0.4,"None",30,"Echo Bay"
2025-07-24,"Hope Bay",25.5927083333333,"HOP",48.803253,-123.27521,"2025","Jul",1,8.5,"Sunny,Windy","N",788,74,862,862,101.4117647,"None",30,"Hope Bay"
2025-07-24,"Indian Arm",21.2729166666667,"IND",49.461387,-122.88625,"2025","Jul",2,17,"Sunny,Windy","N",1,1,2,1,0.117647059,"None",30,"Indian Arm"
2025-07-24,"Silva Bay",23.0416666666667,"SIL",49.149062,-123.69713,"2025","Jul",2,17,"Sunny","N",9,5,14,7,0.823529412,"None",30,"Silva Bay"
2025-07-25,"Daajing Giids",27.1327083333333,"DAA",53.252061,-132.07252,"2025","Jul",1,7.5,"Overcast","N",0,0,0,0,0,"None",30,"Daajing Giids"
2025-07-25,"Miners Bay",25.2216666666667,"MIN",48.852116,-123.30153,"2025","Jul",2,17,"Sunny","N",3,0,3,1.5,0.176470588,"None",30,"Miners Bay"
2025-07-25,"Whaler Bay",26.449375,"WHA",48.884619,-123.32731,"2025","Jul",2,17,"Sunny,Windy","N",0,0,0,0,0,"None",30,"Whaler Bay"
2025-07-26,"Echo Bay",24.9745833333333,"ECH",50.745688,-126.499202,"2025","Jul",2,15,"Overcast","N",45,0,45,22.5,3,"None",30,"Echo Bay"
2025-07-26,"Horseshoe Bay",14.1960416666667,"HOR",49.375655,-123.27313,"2025","Jul",2,17,"Overcast","N",0,0,0,0,0,"None",30,"Horseshoe Bay"
2025-07-26,"Indian Arm",21.6722916666667,"IND",49.461387,-122.88625,"2025","Jul",2,17,"Sunny","N",0,0,0,0,0,"None",30,"Indian Arm"
2025-07-26,"Pender Harbour",22.6695833333333,"PDH",49.623357,-124.02568,"2025","Jul",1,8.5,"Overcast","N",1,0,1,1,0.117647059,"None",30,"Pender Harbour"
2025-07-26,"Silva Bay",24.2079166666667,"SIL",49.149062,-123.69713,"2025","Jul",2,17,"Sunny","N",0,0,0,0,0,"None",30,"Silva Bay"
2025-07-26,"Tofino",23.9508333333333,"TOF",49.151969,-125.89702,"2025","Jul",2,17,"Overcast","N",0,0,0,0,0,"None",30,"Tofino"
2025-07-27,"Silva Bay",24.1608333333333,"SIL",49.149062,-123.69713,"2025","Jul",1,8.5,"Sunny","N",0,0,0,0,0,"None",30,"Silva Bay"
2025-07-27,"Whaler Bay",26.631875,"WHA",48.884619,-123.32731,"2025","Jul",2,17,"Sunny,Windy","N",0,0,0,0,0,"None",30,"Whaler Bay"
2025-07-28,"Echo Bay",24.6545833333333,"ECH",50.745688,-126.499202,"2025","Jul",2,15,"Sunny","N",17,1,18,9,1.2,"None",30,"Echo Bay"
2025-07-28,"Horseshoe Bay",14.039375,"HOR",49.375655,-123.27313,"2025","Jul",2,21,"Sunny","N",0,0,0,0,0,"None",30,"Horseshoe Bay"
2025-07-28,"Indian Arm",21.7535416666667,"IND",49.461387,-122.88625,"2025","Jul",2,17,"Sunny,Windy","N",0,0,0,0,0,"None",30,"Indian Arm"
2025-07-28,"Miners Bay",25.045,"MIN",48.852116,-123.30153,"2025","Jul",2,17,"Sunny","N",16,0,16,8,0.941176471,"None",30,"Miners Bay"
2025-07-28,"Pender Harbour",22.1183333333333,"PDH",49.623357,-124.02568,"2025","Jul",1,8.5,"Sunny","N",0,0,0,0,0,"None",30,"Pender Harbour"
2025-07-28,"Quathiaski Cove",24.6629166666667,"QUA",50.042604,-125.21604,"2025","Jul",2,17,"Sunny","N",3,0,3,1.5,0.176470588,"None",30,"Quathiaski Cove"
2025-07-29,"Hope Bay",26.2572916666667,"HOP",48.803253,-123.27521,"2025","Jul",1,8.5,"Sunny","N",24,25,49,49,5.764705882,"None",30,"Hope Bay"
2025-07-29,"Pender Harbour",21.7635416666667,"PDH",49.623357,-124.02568,"2025","Jul",1,8.5,"Sunny","N",2,0,2,2,0.235294118,"None",30,"Pender Harbour"
2025-07-29,"Silva Bay",21.3647916666667,"SIL",49.149062,-123.69713,"2025","Jul",2,17,"Sunny","N",0,1,1,0.5,0.058823529,"None",30,"Silva Bay"
2025-07-30,"Daajing Giids",27.08,"DAA",53.252061,-132.07252,"2025","Jul",2,16,"Sunny","N",0,0,0,0,0,"None",31,"Daajing Giids"
2025-07-30,"Echo Bay",23.193125,"ECH",50.745688,-126.499202,"2025","Jul",2,17,"Overcast","N",8,0,8,4,0.470588235,"None",31,"Echo Bay"
2025-07-30,"Horseshoe Bay",12.9345833333333,"HOR",49.375655,-123.27313,"2025","Jul",2,17,"Sunny","N",2,0,2,1,0.117647059,"None",31,"Horseshoe Bay"
2025-07-30,"Indian Arm",21.9983333333333,"IND",49.461387,-122.88625,"2025","Jul",2,17,"Sunny,Windy","N",0,0,0,0,0,"None",31,"Indian Arm"
2025-07-30,"Quathiaski Cove",24.3566666666667,"QUA",50.042604,-125.21604,"2025","Jul",2,17,"Sunny","N",4,0,4,2,0.235294118,"None",31,"Quathiaski Cove"
2025-07-31,"Ford Cove",24.1360416666667,"FOR",49.497028,-124.67667,"2025","Jul",1,11,"Sunny","N",0,0,0,0,0,"None",31,"Ford Cove"
2025-07-31,"Silva Bay",23.406875,"SIL",49.149062,-123.69713,"2025","Jul",2,17,"Overcast","N",0,0,0,0,0,"None",31,"Silva Bay"
2025-07-31,"Whaler Bay",23.085625,"WHA",48.884619,-123.32731,"2025","Jul",4,34,"Sunny","N",2,1,3,0.75,0.088235294,"None",31,"Whaler Bay"
2025-08-01,"Daajing Giids",27.0291666666667,"DAA",53.252061,-132.07252,"2025","Aug",2,16,"Sunny","N",0,0,0,0,0,"None",31,"Daajing Giids"
2025-08-01,"Echo Bay",24.0195833333333,"ECH",50.745688,-126.499202,"2025","Aug",2,17,"Sunny","N",13,0,13,6.5,0.764705882,"None",31,"Echo Bay"
2025-08-01,"Indian Arm",21.7847916666667,"IND",49.461387,-122.88625,"2025","Aug",1,8.5,"Sunny,Windy","N",0,0,0,0,0,"None",31,"Indian Arm"
2025-08-01,"Miners Bay",23.665,"MIN",48.852116,-123.30153,"2025","Aug",2,17,"Sunny","N",658,0,658,329,38.70588235,"None",31,"Miners Bay"
2025-08-01,"Pender Harbour",22.02625,"PDH",49.623357,-124.02568,"2025","Aug",1,8.5,"Sunny","N",0,0,0,0,0,"None",31,"Pender Harbour"
2025-08-01,"Port Moody",23.6239583333333,"MOO",49.30056,-122.87578,"2025","Aug",2,17,"Sunny","N",5,0,5,2.5,0.294117647,"None",31,"Port Moody"
2025-08-01,"Quathiaski Cove",24.0277083333333,"QUA",50.042604,-125.21604,"2025","Aug",2,17,"Sunny","N",2,0,2,1,0.117647059,"None",31,"Quathiaski Cove"
2025-08-01,"Whaler Bay",23.975,"WHA",48.884619,-123.32731,"2025","Aug",1,8.5,"Sunny","N",90,0,90,90,10.58823529,"BAT",31,"Whaler Bay"
2025-08-02,"Ford Cove",22.901875,"FOR",49.497028,-124.67667,"2025","Aug",1,8.5,"Sunny","N",0,0,0,0,0,"None",31,"Ford Cove"
2025-08-02,"Hope Bay",25.9752083333333,"HOP",48.803253,-123.27521,"2025","Aug",1,8.5,"Sunny,Windy","N",331,11,342,342,40.23529412,"None",31,"Hope Bay"
2025-08-02,"Silva Bay",23.9304166666667,"SIL",49.149062,-123.69713,"2025","Aug",2,17,"Overcast","N",0,0,0,0,0,"None",31,"Silva Bay"
2025-08-02,"Whaler Bay",24.6020833333333,"WHA",48.884619,-123.32731,"2025","Aug",1,8.5,"Sunny","N",45,3,48,48,5.647058824,"None",31,"Whaler Bay"
2025-08-03,"Daajing Giids",26.9741666666667,"DAA",53.252061,-132.07252,"2025","Aug",2,16,"Windy","N",0,1,1,0.5,0.0625,"None",31,"Daajing Giids"
2025-08-03,"Echo Bay",22.9833333333333,"ECH",50.745688,-126.499202,"2025","Aug",2,17,"Overcast","N",2,0,2,1,0.117647059,"None",31,"Echo Bay"
2025-08-03,"Horseshoe Bay",14.7675,"HOR",49.375655,-123.27313,"2025","Aug",2,17,"Overcast","N",0,0,0,0,0,"None",31,"Horseshoe Bay"
2025-08-03,"Indian Arm",22.2266666666667,"IND",49.461387,-122.88625,"2025","Aug",1,4,"Overcast,Windy","N",0,0,0,0,0,"HRS",31,"Indian Arm"
2025-08-03,"Port Moody",22.6825,"MOO",49.30056,-122.87578,"2025","Aug",2,17,"Overcast,Windy","N",0,0,0,0,0,"None",31,"Port Moody"
2025-08-03,"Silva Bay",23.5502083333333,"SIL",49.149062,-123.69713,"2025","Aug",1,8.5,"Overcast","N",0,0,0,0,0,"None",31,"Silva Bay"
2025-08-04,"Miners Bay",23.4227083333333,"MIN",48.852116,-123.30153,"2025","Aug",2,17,"Sunny","N",36,8,44,22,2.588235294,"None",31,"Miners Bay"
2025-08-05,"Echo Bay",21.6085416666667,"ECH",50.745688,-126.499202,"2025","Aug",2,17,"Rain","N",62,0,62,31,3.647058824,"None",31,"Echo Bay"
2025-08-05,"Ford Cove",26.4125,"FOR",49.497028,-124.67667,"2025","Aug",1,8.5,"Overcast","N",0,0,0,0,0,"None",31,"Ford Cove"
2025-08-05,"Hope Bay",25.8541666666667,"HOP",48.803253,-123.27521,"2025","Aug",1,9.5,"Overcast","N",50,26,76,76,8,"None",31,"Hope Bay"
2025-08-05,"Horseshoe Bay",13.7729166666667,"HOR",49.375655,-123.27313,"2025","Aug",2,19,"Overcast","N",2,0,2,1,0.105263158,"None",31,"Horseshoe Bay"
2025-08-05,"Indian Arm",21.9177083333333,"IND",49.461387,-122.88625,"2025","Aug",1,2,"Rain,Overcast","N",0,0,0,0,0,"HRS",31,"Indian Arm"
2025-08-05,"Pender Harbour",21.66375,"PDH",49.623357,-124.02568,"2025","Aug",1,9.5,"Overcast","N",0,0,0,0,0,"None",31,"Pender Harbour"
2025-08-05,"Quathiaski Cove",24.033125,"QUA",50.042604,-125.21604,"2025","Aug",2,19,"Overcast,Windy","N",1,0,1,0.5,0.052631579,"None",31,"Quathiaski Cove"
2025-08-05,"Silva Bay",20.289375,"SIL",49.149062,-123.69713,"2025","Aug",2,17,"Overcast","N",1,0,1,0.5,0.058823529,"None",31,"Silva Bay"
2025-08-05,"Whaler Bay",24.7552083333333,"WHA",48.884619,-123.32731,"2025","Aug",3,25.5,"Overcast,Windy","N",6,17,23,7.666666667,0.901960784,"None",31,"Whaler Bay"
2025-08-06,"Daajing Giids",26.70875,"DAA",53.252061,-132.07252,"2025","Aug",2,16,"Overcast","N",0,0,0,0,0,"None",32,"Daajing Giids"
2025-08-06,"Miners Bay",24.583125,"MIN",48.852116,-123.30153,"2025","Aug",2,19,"Overcast","N",5,1,6,3,0.315789474,"None",32,"Miners Bay"
2025-08-06,"Pender Harbour",22.0120833333333,"PDH",49.623357,-124.02568,"2025","Aug",1,9.5,"Rain,Overcast","N",1,0,1,1,0.105263158,"None",32,"Pender Harbour"
2025-08-06,"Port Moody",22.688125,"MOO",49.30056,-122.87578,"2025","Aug",2,19,"Rain,Overcast","N",0,1,1,0.5,0.052631579,"None",32,"Port Moody"
2025-08-06,"Quathiaski Cove",24.1747916666667,"QUA",50.042604,-125.21604,"2025","Aug",1,9.5,"Sunny","N",0,0,0,0,0,"None",32,"Quathiaski Cove"
2025-08-06,"Whaler Bay",26.158125,"WHA",48.884619,-123.32731,"2025","Aug",1,9.5,"Sunny","N",4,0,4,4,0.421052632,"None",32,"Whaler Bay"
2025-08-07,"Echo Bay",18.1104166666667,"ECH",50.745688,-126.499202,"2025","Aug",2,19,"Overcast","N",4,0,4,2,0.210526316,"None",32,"Echo Bay"
2025-08-07,"Ford Cove",26.9129166666667,"FOR",49.497028,-124.67667,"2025","Aug",1,9.5,"Sunny","N",0,0,0,0,0,"None",32,"Ford Cove"
2025-08-07,"Hope Bay",26.2370833333333,"HOP",48.803253,-123.27521,"2025","Aug",1,9.5,"Sunny","N",20,2,22,22,2.315789474,"None",32,"Hope Bay"
2025-08-07,"Horseshoe Bay",12.6602083333333,"HOR",49.375655,-123.27313,"2025","Aug",1,9.5,"Overcast,Windy","N",3,0,3,1.5,0.315789474,"BAT",32,"Horseshoe Bay"
2025-08-07,"Indian Arm",20.0770833333333,"IND",49.461387,-122.88625,"2025","Aug",1,2,"Overcast,Windy","N",0,0,0,0,0,"HRS",32,"Indian Arm"
2025-08-07,"Silva Bay",21.72625,"SIL",49.149062,-123.69713,"2025","Aug",2,17,"Sunny","N",2,0,2,1,0.210526316,"None",32,"Silva Bay"
2025-08-07,"Whaler Bay",23.3133333333333,"WHA",48.884619,-123.32731,"2025","Aug",1,9.5,"Sunny,Windy","N",29,3,32,32,3.368421053,"None",32,"Whaler Bay"
2025-08-08,"Miners Bay",22.2533333333333,"MIN",48.852116,-123.30153,"2025","Aug",2,19,"Sunny","N",3,2,5,2.5,0.263157895,"None",32,"Miners Bay"
2025-08-08,"Pender Harbour",22.5735416666667,"PDH",49.623357,-124.02568,"2025","Aug",1,9.5,"Sunny,Windy","N",2,0,2,2,0.210526316,"None",32,"Pender Harbour"
2025-08-08,"Port Moody",23.1083333333333,"MOO",49.30056,-122.87578,"2025","Aug",2,19,"Sunny","N",0,0,0,0,0,"None",32,"Port Moody"
2025-08-08,"Quathiaski Cove",23.73,"QUA",50.042604,-125.21604,"2025","Aug",2,19,"Overcast","N",2,0,2,1,0.105263158,"None",32,"Quathiaski Cove"
2025-08-08,"Whaler Bay",18.81875,"WHA",48.884619,-123.32731,"2025","Aug",1,9.5,"Sunny,Overcast","N",16,2,18,18,1.894736842,"None",32,"Whaler Bay"
2025-08-09,"Ford Cove",26.71875,"FOR",49.497028,-124.67667,"2025","Aug",1,9.5,"Overcast","N",0,0,0,0,0,"None",32,"Ford Cove"
2025-08-09,"Hope Bay",25.6695833333333,"HOP",48.803253,-123.27521,"2025","Aug",1,9.5,"Sunny","N",1,3,4,4,0.421052632,"None",32,"Hope Bay"
2025-08-09,"Indian Arm",20.7554166666667,"IND",49.461387,-122.88625,"2025","Aug",1,9.5,"Sunny,Windy","N",3,0,3,3,0.315789474,"None",32,"Indian Arm"
2025-08-09,"Silva Bay",22.5895833333333,"SIL",49.149062,-123.69713,"2025","Aug",2,19,"Sunny","N",1,4,5,2.5,0.263157895,"None",32,"Silva Bay"
2025-08-09,"Whaler Bay",18.0579166666667,"WHA",48.884619,-123.32731,"2025","Aug",1,9.5,"Sunny","N",28,5,33,33,3.473684211,"None",32,"Whaler Bay"
2025-08-10,"Port Moody",22.7845833333333,"MOO",49.30056,-122.87578,"2025","Aug",2,19,"Sunny","N",0,0,0,0,0,"None",32,"Port Moody"
2025-08-11,"Daajing Giids",28.8385416666667,"DAA",53.252061,-132.07252,"2025","Aug",2,17,"Sunny","N",0,0,0,0,0,"None",32,"Daajing Giids"
2025-08-11,"Echo Bay",24.6945833333333,"ECH",50.745688,-126.499202,"2025","Aug",1,8,"Overcast","N",0,1,1,1,0.125,"None",32,"Echo Bay"
2025-08-11,"Indian Arm",21.20125,"IND",49.461387,-122.88625,"2025","Aug",1,9.5,"Sunny,Windy","N",0,0,0,0,0,"None",32,"Indian Arm"
2025-08-11,"Miners Bay",19.75125,"MIN",48.852116,-123.30153,"2025","Aug",2,19,"Sunny,Windy","N",5,1,6,3,0.315789474,"None",32,"Miners Bay"
2025-08-11,"Pender Harbour",23.533125,"PDH",49.623357,-124.02568,"2025","Aug",1,9.5,"Sunny","N",0,0,0,0,0,"None",32,"Pender Harbour"
2025-08-11,"Quathiaski Cove",23.4589583333333,"QUA",50.042604,-125.21604,"2025","Aug",2,19,"Sunny,Windy","N",13,1,14,7,0.736842105,"None",32,"Quathiaski Cove"
2025-08-11,"Whaler Bay",15.676875,"WHA",48.884619,-123.32731,"2025","Aug",2,19,"Sunny,Windy","N",10,3,13,6.5,0.684210526,"None",32,"Whaler Bay"
2025-08-12,"Ford Cove",26.1579166666667,"FOR",49.497028,-124.67667,"2025","Aug",1,9.5,"Sunny,Windy","N",0,0,0,0,0,"None",32,"Ford Cove"
2025-08-12,"Hope Bay",23.8675,"HOP",48.803253,-123.27521,"2025","Aug",1,9.5,"Sunny,Windy","N",0,0,0,0,0,"None",32,"Hope Bay"
2025-08-12,"Silva Bay",21.2214583333333,"SIL",49.149062,-123.69713,"2025","Aug",2,19,"Sunny,Windy","N",0,0,0,0,0,"None",32,"Silva Bay"
2025-08-13,"Daajing Giids",29.3202083333333,"DAA",53.252061,-132.07252,"2025","Aug",2,17,"Sunny","N",0,0,0,0,0,"None",33,"Daajing Giids"
2025-08-13,"Echo Bay",26.090625,"ECH",50.745688,-126.499202,"2025","Aug",2,19,"Overcast","N",3,0,3,1.5,0.157894737,"None",33,"Echo Bay"
2025-08-13,"Miners Bay",22.16,"MIN",48.852116,-123.30153,"2025","Aug",2,19,"Sunny","N",0,0,0,0,0,"None",33,"Miners Bay"
2025-08-13,"Pender Harbour",26.121875,"PDH",49.623357,-124.02568,"2025","Aug",1,9.5,"Sunny","N",0,0,0,0,0,"None",33,"Pender Harbour"
2025-08-13,"Port Moody",22.7002083333333,"MOO",49.30056,-122.87578,"2025","Aug",2,19,"Sunny,Windy","N",0,1,1,0.5,0.052631579,"None",33,"Port Moody"
2025-08-13,"Quathiaski Cove",24.1152083333333,"QUA",50.042604,-125.21604,"2025","Aug",2,19,"Sunny,Windy","N",3,0,3,1.5,0.157894737,"BAT",33,"Quathiaski Cove"
2025-08-13,"Whaler Bay",22.78375,"WHA",48.884619,-123.32731,"2025","Aug",2,17,"Overcast","N",7,1,8,4,0.470588235,"BAT",33,"Whaler Bay"
2025-08-14,"Ford Cove",26.1752083333333,"FOR",49.497028,-124.67667,"2025","Aug",1,9.5,"Overcast","N",0,0,0,0,0,"None",33,"Ford Cove"
2025-08-14,"Hope Bay",24.319375,"HOP",48.803253,-123.27521,"2025","Aug",1,9.5,"Overcast","N",1,0,1,1,0.105263158,"None",33,"Hope Bay"
2025-08-14,"Silva Bay",22.2364583333333,"SIL",49.149062,-123.69713,"2025","Aug",2,19,"Overcast","N",0,1,1,0.5,0.052631579,"None",33,"Silva Bay"
2025-08-14,"Whaler Bay",23.1535416666667,"WHA",48.884619,-123.32731,"2025","Aug",1,8.5,"Sunny,Overcast,Windy","N",1,0,1,1,0.117647059,"None",33,"Whaler Bay"
2025-08-15,"Daajing Giids",28.9529166666667,"DAA",53.252061,-132.07252,"2025","Aug",2,17,"Rain,Windy","N",0,0,0,0,0,"None",33,"Daajing Giids"
2025-08-15,"Echo Bay",25.8970833333333,"ECH",50.745688,-126.499202,"2025","Aug",2,19,"Rain","N",1,0,1,0.5,0.052631579,"None",33,"Echo Bay"
2025-08-15,"Horseshoe Bay",19.8175,"HOR",49.375655,-123.27313,"2025","Aug",2,19,"Overcast","N",27,1,28,14,1.473684211,"None",33,"Horseshoe Bay"
2025-08-15,"Miners Bay",23.18625,"MIN",48.852116,-123.30153,"2025","Aug",2,19,"Rain,Overcast","N",0,1,1,0.5,0.052631579,"None",33,"Miners Bay"
2025-08-15,"Pender Harbour",27.3366666666667,"PDH",49.623357,-124.02568,"2025","Aug",1,9.5,"Overcast","N",0,0,0,0,0,"None",33,"Pender Harbour"
2025-08-15,"Port Moody",20.8472916666667,"MOO",49.30056,-122.87578,"2025","Aug",2,19,"Overcast","N",1,0,1,0.5,0.052631579,"None",33,"Port Moody"
2025-08-15,"Quathiaski Cove",24.385,"QUA",50.042604,-125.21604,"2025","Aug",2,19,"Rain,Overcast","N",6,0,6,3,0.315789474,"None",33,"Quathiaski Cove"
2025-08-16,"Ford Cove",27.3595833333333,"FOR",49.497028,-124.67667,"2025","Aug",1,9.5,"Sunny,Overcast,Windy","N",0,0,0,0,0,"None",33,"Ford Cove"
2025-08-16,"Hope Bay",25.241875,"HOP",48.803253,-123.27521,"2025","Aug",1,9.5,"Rain","N",15,1,16,16,1.684210526,"None",33,"Hope Bay"
2025-08-16,"Indian Arm",4.01458333333333,"IND",49.461387,-122.88625,"2025","Aug",1,9.5,"Rain,Windy","N",0,0,0,0,0,"None",33,"Indian Arm"
2025-08-16,"Silva Bay",23.0845833333333,"SIL",49.149062,-123.69713,"2025","Aug",2,19,"Sunny,Windy","N",0,1,1,0.5,0.052631579,"None",33,"Silva Bay"
2025-08-17,"Echo Bay",19.8689583333333,"ECH",50.745688,-126.499202,"2025","Aug",2,19,"Overcast","N",0,0,0,0,0,"None",33,"Echo Bay"
2025-08-17,"Horseshoe Bay",16.3677083333333,"HOR",49.375655,-123.27313,"2025","Aug",2,19,"Overcast","N",8,6,14,7,0.736842105,"None",33,"Horseshoe Bay"
2025-08-17,"Indian Arm",11.300625,"IND",49.461387,-122.88625,"2025","Aug",1,4,"Sunny,Overcast","N",0,0,0,0,0,"HRS",33,"Indian Arm"
2025-08-17,"Port Moody",20.8329166666667,"MOO",49.30056,-122.87578,"2025","Aug",2,19,"Rain,Overcast","N",0,0,0,0,0,"None",33,"Port Moody"
2025-08-17,"Silva Bay",23.52375,"SIL",49.149062,-123.69713,"2025","Aug",1,9.5,"Sunny","N",0,0,0,0,0,"None",33,"Silva Bay"
2025-08-18,"Daajing Giids",29.2641666666667,"DAA",53.252061,-132.07252,"2025","Aug",2,17,"Rain,Overcast","N",0,0,0,0,0,"None",33,"Daajing Giids"
2025-08-18,"Miners Bay",24.3016666666667,"MIN",48.852116,-123.30153,"2025","Aug",2,19,"Overcast","N",2,0,2,1,0.105263158,"None",33,"Miners Bay"
2025-08-18,"Quathiaski Cove",24.013125,"QUA",50.042604,-125.21604,"2025","Aug",2,19,"Rain,Overcast","N",0,0,0,0,0,"None",33,"Quathiaski Cove"
2025-08-19,"Echo Bay",18.4129166666667,"ECH",50.745688,-126.499202,"2025","Aug",2,19,"Overcast","N",3,0,3,1.5,0.157894737,"None",33,"Echo Bay"
2025-08-19,"Hope Bay",26.1891666666667,"HOP",48.803253,-123.27521,"2025","Aug",1,9.5,"Overcast","N",5,2,7,7,0.736842105,"None",33,"Hope Bay"
2025-08-19,"Horseshoe Bay",12.8502083333333,"HOR",49.375655,-123.27313,"2025","Aug",2,19,"Overcast","N",0,7,7,3.5,0.368421053,"None",33,"Horseshoe Bay"
2025-08-19,"Pender Harbour",25.2045833333333,"PDH",49.623357,-124.02568,"2025","Aug",1,9.5,"Rain","N",5,0,5,5,0.526315789,"None",33,"Pender Harbour"
2025-08-19,"Silva Bay",22.5416666666667,"SIL",49.149062,-123.69713,"2025","Aug",2,19,"Overcast","N",0,0,0,0,0,"None",33,"Silva Bay"
2025-08-20,"Daajing Giids",29.2410416666667,"DAA",53.252061,-132.07252,"2025","Aug",2,18,"Sunny","N",0,0,0,0,0,"None",34,"Daajing Giids"
2025-08-20,"Miners Bay",24.0210416666667,"MIN",48.852116,-123.30153,"2025","Aug",2,19,"Sunny,Overcast","N",0,0,0,0,0,"None",34,"Miners Bay"
2025-08-20,"Pender Harbour",24.8320833333333,"PDH",49.623357,-124.02568,"2025","Aug",1,9.5,"Sunny","N",4,0,4,4,0.421052632,"None",34,"Pender Harbour"
2025-08-20,"Port Moody",21.8214583333333,"MOO",49.30056,-122.87578,"2025","Aug",2,19,"Sunny","N",0,1,1,0.5,0.052631579,"None",34,"Port Moody"
2025-08-20,"Quathiaski Cove",23.8814583333333,"QUA",50.042604,-125.21604,"2025","Aug",2,19,"Sunny","N",0,0,0,0,0,"None",34,"Quathiaski Cove"
2025-08-21,"Daajing Giids",29.036875,"DAA",53.252061,-132.07252,"2025","Aug",1,9,"Sunny","N",0,0,0,0,0,"None",34,"Daajing Giids"
2025-08-21,"Echo Bay",17.105625,"ECH",50.745688,-126.499202,"2025","Aug",2,19,"Sunny","N",2,1,3,1.5,0.157894737,"None",34,"Echo Bay"
2025-08-21,"Hope Bay",26.2366666666667,"HOP",48.803253,-123.27521,"2025","Aug",1,9.5,"Sunny","N",5,0,5,5,0.526315789,"None",34,"Hope Bay"
2025-08-21,"Horseshoe Bay",14.605,"HOR",49.375655,-123.27313,"2025","Aug",2,19,"Sunny","N",10,2,12,6,0.631578947,"None",34,"Horseshoe Bay"
2025-08-21,"Silva Bay",19.3627083333333,"SIL",49.149062,-123.69713,"2025","Aug",2,19,"Sunny,Windy","N",1,0,1,0.5,0.052631579,"None",34,"Silva Bay"
2025-08-22,"Daajing Giids",28.9195833333333,"DAA",53.252061,-132.07252,"2025","Aug",1,9,"Sunny","N",0,0,0,0,0,"None",34,"Daajing Giids"
2025-08-22,"Miners Bay",19.8104166666667,"MIN",48.852116,-123.30153,"2025","Aug",2,19,"Sunny,Windy","N",4,0,4,2,0.210526316,"None",34,"Miners Bay"
2025-08-22,"Pender Harbour",25.2033333333333,"PDH",49.623357,-124.02568,"2025","Aug",1,9.5,"Sunny","N",0,0,0,0,0,"None",34,"Pender Harbour"
2025-08-22,"Port Moody",21.9954166666667,"MOO",49.30056,-122.87578,"2025","Aug",2,19,"Sunny","N",2,2,4,2,0.210526316,"None",34,"Port Moody"
2025-08-22,"Quathiaski Cove",23.9714583333333,"QUA",50.042604,-125.21604,"2025","Aug",2,19,"Sunny,Windy","N",0,0,0,0,0,"None",34,"Quathiaski Cove"
2025-08-23,"Echo Bay",19.8147916666667,"ECH",50.745688,-126.499202,"2025","Aug",2,19,"Overcast","N",0,1,1,0.5,0.052631579,"None",34,"Echo Bay"
2025-08-23,"Ford Cove",26.74875,"FOR",49.497028,-124.67667,"2025","Aug",1,10.5,"Sunny","N",0,0,0,0,0,"None",34,"Ford Cove"
2025-08-23,"Hope Bay",24.7164583333333,"HOP",48.803253,-123.27521,"2025","Aug",1,9.5,"Sunny","N",0,0,0,0,0,"None",34,"Hope Bay"
2025-08-23,"Horseshoe Bay",19.0075,"HOR",49.375655,-123.27313,"2025","Aug",1,10.5,"Sunny","N",1,0,1,1,0.095238095,"None",34,"Horseshoe Bay"
2025-08-23,"Indian Arm",20.9254166666667,"IND",49.461387,-122.88625,"2025","Aug",2,6,"Sunny","N",0,0,0,0,0,"HRS",34,"Indian Arm"
2025-08-23,"Silva Bay",20.7352083333333,"SIL",49.149062,-123.69713,"2025","Aug",2,19,"Sunny","N",1,1,2,1,0.105263158,"None",34,"Silva Bay"
2025-08-24,"Port Moody",22.146875,"MOO",49.30056,-122.87578,"2025","Aug",2,21,"Sunny","N",0,2,2,1,0.095238095,"None",34,"Port Moody"
2025-08-25,"Daajing Giids",28.7375,"DAA",53.252061,-132.07252,"2025","Aug",1,9,"Sunny","N",0,0,0,0,0,"None",34,"Daajing Giids"
2025-08-25,"Echo Bay",22.119375,"ECH",50.745688,-126.499202,"2025","Aug",2,19,"Overcast","N",0,0,0,0,0,"None",34,"Echo Bay"
2025-08-25,"Horseshoe Bay",20.0104166666667,"HOR",49.375655,-123.27313,"2025","Aug",2,21,"Sunny","N",17,4,21,10.5,1,"BAT",34,"Horseshoe Bay"
2025-08-25,"Indian Arm",21.6075,"IND",49.461387,-122.88625,"2025","Aug",1,10.5,"Sunny","N",0,0,0,0,0,"None",34,"Indian Arm"
2025-08-25,"Miners Bay",21.8564583333333,"MIN",48.852116,-123.30153,"2025","Aug",2,21,"Sunny,Windy","N",1,0,1,0.5,0.047619048,"None",34,"Miners Bay"
2025-08-25,"Pender Harbour",26.2458333333333,"PDH",49.623357,-124.02568,"2025","Aug",1,10.5,"Sunny","N",0,0,0,0,0,"None",34,"Pender Harbour"
2025-08-25,"Quathiaski Cove",22.6370833333333,"QUA",50.042604,-125.21604,"2025","Aug",2,21,"Sunny","N",8,1,9,4.5,0.428571429,"None",34,"Quathiaski Cove"
2025-08-26,"Hope Bay",24.998125,"HOP",48.803253,-123.27521,"2025","Aug",1,10.5,"Sunny","N",0,0,0,0,0,"None",34,"Hope Bay"
2025-08-26,"Silva Bay",21.7775,"SIL",49.149062,-123.69713,"2025","Aug",2,21,"Sunny","N",0,0,0,0,0,"None",34,"Silva Bay"
2025-08-27,"Daajing Giids",28.4160416666667,"DAA",53.252061,-132.07252,"2025","Aug",2,18,"Sunny","N",1,0,1,0.5,0.055555556,"None",35,"Daajing Giids"
2025-08-27,"Echo Bay",24.025625,"ECH",50.745688,-126.499202,"2025","Aug",2,19,"Overcast","N",0,0,0,0,0,"None",35,"Echo Bay"
2025-08-27,"Horseshoe Bay",20.5020833333333,"HOR",49.375655,-123.27313,"2025","Aug",2,21,"Sunny","N",16,5,21,10.5,1,"None",35,"Horseshoe Bay"
2025-08-27,"Indian Arm",21.2833333333333,"IND",49.461387,-122.88625,"2025","Aug",1,10.5,"Sunny","N",0,0,0,0,0,"None",35,"Indian Arm"
2025-08-27,"Miners Bay",22.1702083333333,"MIN",48.852116,-123.30153,"2025","Aug",2,21,"Sunny","N",0,0,0,0,0,"None",35,"Miners Bay"
2025-08-27,"Pender Harbour",26.69,"PDH",49.623357,-124.02568,"2025","Aug",1,10.5,"Sunny","N",1,0,1,1,0.095238095,"None",35,"Pender Harbour"
2025-08-27,"Quathiaski Cove",22.8275,"QUA",50.042604,-125.21604,"2025","Aug",2,20,"Sunny,Windy","N",8,0,8,4,0.4,"None",35,"Quathiaski Cove"
2025-08-28,"Ford Cove",26.5597916666667,"FOR",49.497028,-124.67667,"2025","Aug",1,10.5,"Sunny","N",0,0,0,0,0,"None",35,"Ford Cove"
2025-08-28,"Hope Bay",23.2147916666667,"HOP",48.803253,-123.27521,"2025","Aug",1,10.5,"Overcast","N",0,0,0,0,0,"None",35,"Hope Bay"
2025-08-28,"Pender Harbour",26.7204166666667,"PDH",49.623357,-124.02568,"2025","Aug",1,10.5,"Sunny,Overcast","N",0,0,0,0,0,"None",35,"Pender Harbour"
2025-08-28,"Port Moody",22.4214583333333,"MOO",49.30056,-122.87578,"2025","Aug",1,10.5,"Overcast","N",1,0,1,1,0.095238095,"None",35,"Port Moody"
2025-08-29,"Echo Bay",23.9035416666667,"ECH",50.745688,-126.499202,"2025","Aug",2,19,"Sunny","N",0,0,0,0,0,"None",35,"Echo Bay"
2025-08-29,"Horseshoe Bay",19.115,"HOR",49.375655,-123.27313,"2025","Aug",2,17,"Overcast","N",1,4,5,2.5,0.294117647,"None",35,"Horseshoe Bay"
2025-08-29,"Horseshoe Bay",19.115,"HOR",49.375655,-123.27313,"2025","Aug",2,21,"Overcast","N",3,4,7,3.5,0.333333333,"None",35,"Horseshoe Bay"
2025-08-29,"Indian Arm",21.6864583333333,"IND",49.461387,-122.88625,"2025","Aug",2,21,"Sunny","N",0,0,0,0,0,"None",35,"Indian Arm"
2025-08-29,"Miners Bay",21.5385416666667,"MIN",48.852116,-123.30153,"2025","Aug",2,21,"Sunny","N",0,0,0,0,0,"None",35,"Miners Bay"
2025-08-29,"Port Moody",22.3475,"MOO",49.30056,-122.87578,"2025","Aug",1,10.5,"Sunny","N",0,0,0,0,0,"None",35,"Port Moody"
2025-08-29,"Quathiaski Cove",24.474375,"QUA",50.042604,-125.21604,"2025","Aug",2,20,"Sunny","N",0,0,0,0,0,"None",35,"Quathiaski Cove"
2025-08-30,"Ford Cove",26.9239583333333,"FOR",49.497028,-124.67667,"2025","Aug",1,10.5,"Overcast","N",0,0,0,0,0,"None",35,"Ford Cove"
2025-08-30,"Hope Bay",23.5539583333333,"HOP",48.803253,-123.27521,"2025","Aug",1,10.5,"Sunny","N",1,0,1,1,0.095238095,"None",35,"Hope Bay"
2025-08-31,"Echo Bay",23.6079166666667,"ECH",50.745688,-126.499202,"2025","Aug",2,21,"Overcast","N",0,0,0,0,0,"None",35,"Echo Bay"
2025-08-31,"Horseshoe Bay",18.6672916666667,"HOR",49.375655,-123.27313,"2025","Aug",2,21,"Sunny,Overcast","N",0,6,6,3,0.285714286,"None",35,"Horseshoe Bay"
2025-08-31,"Indian Arm",21.875625,"IND",49.461387,-122.88625,"2025","Aug",2,21,"Sunny","N",0,0,0,0,0,"None",35,"Indian Arm"
2025-08-31,"Port Moody",21.7005,"MOO",49.30056,-122.87578,"2025","Aug",2,21,"Sunny","N",3,1,4,2,0.19047619,"None",35,"Port Moody"
2025-10-01,"Daajing Giids",23.7679166666667,"DAA",53.252061,-132.07252,"2025","Oct",2,25,"Sunny","N",0,0,0,0,0,"None",40,"Daajing Giids"
2025-10-02,"Echo Bay",23.33375,"ECH",50.745688,-126.499202,"2025","Oct",2,24,"Overcast","N",0,0,0,0,0,"None",40,"Echo Bay"
2025-10-03,"Daajing Giids",23.7575,"DAA",53.252061,-132.07252,"2025","Oct",2,25,"Rain","N",0,0,0,0,0,"None",40,"Daajing Giids"
2025-10-06,"Daajing Giids",25.6879166666667,"DAA",53.252061,-132.07252,"2025","Oct",2,25,"Overcast","N",0,0,0,0,0,"None",40,"Daajing Giids"
2025-10-06,"Echo Bay",23.18,"ECH",50.745688,-126.499202,"2025","Oct",2,24,"Sunny","N",0,0,0,0,0,"None",40,"Echo Bay"
2025-10-08,"Daajing Giids",26.0252083333333,"DAA",53.252061,-132.07252,"2025","Oct",2,24,"Sunny","N",0,0,0,0,0,"None",41,"Daajing Giids"
2025-10-08,"Echo Bay",24.5027083333333,"ECH",50.745688,-126.499202,"2025","Oct",2,24,"Overcast","N",2,0,2,1,0.083333333,"None",41,"Echo Bay"
2025-10-10,"Daajing Giids",25.691875,"DAA",53.252061,-132.07252,"2025","Oct",2,24,"Sunny","N",0,0,0,0,0,"None",41,"Daajing Giids"
2025-10-10,"Echo Bay",23.5422916666667,"ECH",50.745688,-126.499202,"2025","Oct",2,24,"Overcast","N",5,0,5,2.5,0.208333333,"None",41,"Echo Bay"
2025-10-12,"Echo Bay",24.3685416666667,"ECH",50.745688,-126.499202,"2025","Oct",2,24,"Sunny","N",0,1,1,0.5,0.041666667,"None",41,"Echo Bay"
2025-10-14,"Daajing Giids",24.2975,"DAA",53.252061,-132.07252,"2025","Oct",2,24,"Overcast","N",0,0,0,0,0,"None",41,"Daajing Giids"
2025-10-14,"Echo Bay",24.9627083333333,"ECH",50.745688,-126.499202,"2025","Oct",2,24,"Sunny","N",0,1,1,0.5,0.041666667,"None",41,"Echo Bay"
2025-10-15,"Daajing Giids",26.1566666666667,"DAA",53.252061,-132.07252,"2025","Oct",1,12,"Overcast","N",0,0,0,0,0,"None",42,"Daajing Giids"
2025-10-16,"Echo Bay",25.3452083333333,"ECH",50.745688,-126.499202,"2025","Oct",2,24,"Overcast","N",0,0,0,0,0,"None",42,"Echo Bay"
2025-10-17,"Daajing Giids",26.3070833333333,"DAA",53.252061,-132.07252,"2025","Oct",2,24,"Rain","N",0,0,0,0,0,"None",42,"Daajing Giids"
2025-10-18,"Echo Bay",26.18375,"ECH",50.745688,-126.499202,"2025","Oct",2,24,"Rain","N",0,0,0,0,0,"None",42,"Echo Bay"
2025-10-20,"Daajing Giids",25.7654166666667,"DAA",53.252061,-132.07252,"2025","Oct",2,24,"Rain","N",0,0,0,0,0,"None",42,"Daajing Giids"
2025-10-20,"Echo Bay",26.4577083333333,"ECH",50.745688,-126.499202,"2025","Oct",2,24,"Rain","N",0,0,0,0,0,"None",42,"Echo Bay"
2025-10-22,"Echo Bay",27.0966666666667,"ECH",50.745688,-126.499202,"2025","Oct",2,24,"Overcast","N",0,0,0,0,0,"None",43,"Echo Bay"
2025-10-24,"Daajing Giids",23.2345833333333,"DAA",53.252061,-132.07252,"2025","Oct",2,27,"Rain","N",0,0,0,0,0,"None",43,"Daajing Giids"
2025-10-27,"Daajing Giids",24.6360416666667,"DAA",53.252061,-132.07252,"2025","Oct",2,28,"Sunny","N",0,0,0,0,0,"None",43,"Daajing Giids"
2025-10-28,"Daajing Giids",25.2475,"DAA",53.252061,-132.07252,"2025","Oct",1,14,"Rain,Windy","N",0,0,0,0,0,"None",43,"Daajing Giids"
